date,fed_tsy
2015-01-07,2461224.0
2015-01-14,2461084.0
2015-01-21,2460944.0
2015-01-28,2460804.0
2015-02-04,2460652.0
2015-02-11,2460490.0
2015-02-18,2460328.0
2015-02-25,2460167.0
2015-03-04,2460028.0
2015-03-11,2459908.0
2015-03-18,2459787.0
2015-03-25,2459666.0
2015-04-01,2459578.0
2015-04-08,2459693.0
2015-04-15,2459806.0
2015-04-22,2459920.0
2015-04-29,2460034.0
2015-05-06,2460182.0
2015-05-13,2460334.0
2015-05-20,2460486.0
2015-05-27,2460639.0
2015-06-03,2460749.0
2015-06-10,2460803.0
2015-06-17,2460857.0
2015-06-24,2460911.0
2015-07-01,2460975.0
2015-07-08,2461107.0
2015-07-15,2461238.0
2015-07-22,2461370.0
2015-07-29,2461502.0
2015-08-05,2461603.0
2015-08-12,2461694.0
2015-08-19,2461785.0
2015-08-26,2461876.0
2015-09-02,2461941.0
2015-09-09,2461943.0
2015-09-16,2461944.0
2015-09-23,2461946.0
2015-09-30,2461948.0
2015-10-07,2461911.0
2015-10-14,2461874.0
2015-10-21,2461837.0
2015-10-28,2461800.0
2015-11-04,2461760.0
2015-11-11,2461718.0
2015-11-18,2461676.0
2015-11-25,2461628.0
2015-12-02,2461601.0
2015-12-09,2461589.0
2015-12-16,2461578.0
2015-12-23,2461566.0
2015-12-30,2461554.0
2016-01-06,2461505.0
2016-01-13,2461450.0
2016-01-20,2461396.0
2016-01-27,2461341.0
2016-02-03,2461269.0
2016-02-10,2461174.0
2016-02-17,2461080.0
2016-02-24,2461211.0
2016-03-02,2461152.0
2016-03-09,2461196.0
2016-03-16,2461239.0
2016-03-23,2461283.0
2016-03-30,2461326.0
2016-04-06,2461345.0
2016-04-13,2461368.0
2016-04-20,2461390.0
2016-04-27,2461413.0
2016-05-04,2461489.0
2016-05-11,2461605.0
2016-05-18,2461721.0
2016-05-25,2461637.0
2016-06-01,2461761.0
2016-06-08,2461897.0
2016-06-15,2462032.0
2016-06-22,2462168.0
2016-06-29,2462303.0
2016-07-06,2462427.0
2016-07-13,2462541.0
2016-07-20,2462652.0
2016-07-27,2462763.0
2016-08-03,2462865.0
2016-08-10,2462956.0
2016-08-17,2463447.0
2016-08-24,2463538.0
2016-08-31,2463645.0
2016-09-07,2463599.0
2016-09-14,2463553.0
2016-09-21,2463506.0
2016-09-28,2463460.0
2016-10-05,2463473.0
2016-10-12,2463497.0
2016-10-19,2463520.0
2016-10-26,2463544.0
2016-11-02,2463586.0
2016-11-09,2463654.0
2016-11-16,2463722.0
2016-11-23,2463801.0
2016-11-30,2463861.0
2016-12-07,2463496.0
2016-12-14,2463531.0
2016-12-21,2463566.0
2016-12-28,2463601.0
2017-01-04,2463591.0
2017-01-11,2463548.0
2017-01-18,2463504.0
2017-01-25,2463462.0
2017-02-01,2463426.0
2017-02-08,2463436.0
2017-02-15,2463446.0
2017-02-22,2463456.0
2017-03-01,2463488.0
2017-03-08,2463650.0
2017-03-15,2463812.0
2017-03-22,2463974.0
2017-03-29,2464335.0
2017-04-05,2464454.0
2017-04-12,2464546.0
2017-04-19,2464638.0
2017-04-26,2464730.0
2017-05-03,2464792.0
2017-05-10,2464815.0
2017-05-17,2464638.0
2017-05-24,2464660.0
2017-05-31,2464696.0
2017-06-07,2464783.0
2017-06-14,2464871.0
2017-06-21,2464958.0
2017-06-28,2465046.0
2017-07-05,2465096.0
2017-07-12,2465121.0
2017-07-19,2465145.0
2017-07-26,2465170.0
2017-08-02,2465195.0
2017-08-09,2465221.0
2017-08-16,2465247.0
2017-08-23,2465273.0
2017-08-30,2465300.0
2017-09-06,2465289.0
2017-09-13,2465468.0
2017-09-20,2465448.0
2017-09-27,2465427.0
2017-10-04,2465467.0
2017-10-11,2465554.0
2017-10-18,2465641.0
2017-10-25,2465727.0
2017-11-01,2459827.0
2017-11-08,2459985.0
2017-11-15,2456641.0
2017-11-22,2456822.0
2017-11-29,2456959.0
2017-12-06,2454474.0
2017-12-13,2454256.0
2017-12-20,2454237.0
2017-12-27,2454219.0
2018-01-03,2448208.0
2018-01-10,2448209.0
2018-01-17,2447009.0
2018-01-24,2447009.0
2018-01-31,2436211.0
2018-02-07,2436192.0
2018-02-14,2436173.0
2018-02-21,2432066.0
2018-02-28,2424242.0
2018-03-07,2424402.0
2018-03-14,2424562.0
2018-03-21,2424723.0
2018-03-28,2424883.0
2018-04-04,2413031.0
2018-04-11,2413060.0
2018-04-18,2413079.0
2018-04-25,2413218.0
2018-05-02,2395460.0
2018-05-09,2395528.0
2018-05-16,2386966.0
2018-05-23,2387035.0
2018-05-30,2387103.0
2018-06-06,2377872.0
2018-06-13,2377998.0
2018-06-20,2378124.0
2018-06-27,2378250.0
2018-07-04,2360377.0
2018-07-11,2360504.0
2018-07-18,2359766.0
2018-07-25,2359893.0
2018-08-01,2336876.0
2018-08-08,2336925.0
2018-08-15,2324391.0
2018-08-22,2324540.0
2018-08-29,2324589.0
2018-09-05,2313202.0
2018-09-12,2313204.0
2018-09-19,2313206.0
2018-09-26,2313208.0
2018-10-03,2294210.0
2018-10-10,2294227.0
2018-10-17,2294245.0
2018-10-24,2294215.0
2018-10-31,2270399.0
2018-11-07,2270436.0
2018-11-14,2270420.0
2018-11-21,2253085.0
2018-11-28,2253117.0
2018-12-05,2240551.0
2018-12-12,2240606.0
2018-12-19,2240661.0
2018-12-26,2240717.0
2019-01-02,2222517.0
2019-01-09,2222412.0
2019-01-16,2220219.0
2019-01-23,2220115.0
2019-01-30,2220012.0
2019-02-06,2205713.0
2019-02-13,2205604.0
2019-02-20,2182201.0
2019-02-27,2182092.0
2019-03-06,2175420.0
2019-03-13,2175479.0
2019-03-20,2175537.0
2019-03-27,2175596.0
2019-04-03,2153308.0
2019-04-10,2153443.0
2019-04-17,2153409.0
2019-04-24,2153544.0
2019-05-01,2123954.0
2019-05-08,2124129.0
2019-05-15,2114444.0
2019-05-22,2114569.0
2019-05-29,2114744.0
2019-06-05,2109785.0
2019-06-12,2109957.0
2019-06-19,2110084.0
2019-06-26,2110256.0
2019-07-03,2095393.0
2019-07-10,2095448.0
2019-07-17,2093984.0
2019-07-24,2094051.0
2019-07-31,2080700.0
2019-08-07,2080704.0
2019-08-14,2080710.0
2019-08-21,2088920.0
2019-08-28,2095130.0
2019-09-04,2095164.0
2019-09-11,2101169.0
2019-09-18,2105826.0
2019-09-25,2107683.0
2019-10-02,2117130.0
2019-10-09,2121485.0
2019-10-16,2123085.0
2019-10-23,2149188.0
2019-10-30,2175491.0
2019-11-06,2194318.0
2019-11-13,2201529.0
2019-11-20,2220361.0
2019-11-27,2248498.0
2019-12-04,2259853.0
2019-12-11,2282196.0
2019-12-18,2300678.0
2019-12-25,2328862.0
2020-01-01,2328933.0
2020-01-08,2347714.0
2020-01-15,2362635.0
2020-01-22,2381020.0
2020-01-29,2409108.0
2020-02-05,2427880.0
2020-02-12,2442621.0
2020-02-19,2451688.0
2020-02-26,2474060.0
2020-03-04,2502624.0
2020-03-11,2523031.0
2020-03-18,2640771.0
2020-03-25,2978372.0
2020-04-01,3340832.0
2020-04-08,3634386.0
2020-04-15,3788858.0
2020-04-22,3909352.0
2020-04-29,3971419.0
2020-05-06,4020191.0
2020-05-13,4057268.0
2020-05-20,4089331.0
2020-05-27,4109512.0
2020-06-03,4134356.0
2020-06-10,4150409.0
2020-06-17,4169340.0
2020-06-24,4197404.0
2020-07-01,4213220.0
2020-07-08,4231355.0
2020-07-15,4253229.0
2020-07-22,4265878.0
2020-07-29,4293563.0
2020-08-05,4305651.0
2020-08-12,4320093.0
2020-08-19,4345544.0
2020-08-26,4358559.0
2020-09-02,4386637.0
2020-09-09,4393621.0
2020-09-16,4407005.0
2020-09-23,4431523.0
2020-09-30,4445477.0
2020-10-07,4469848.0
2020-10-14,4484978.0
2020-10-21,4509778.0
2020-10-28,4527186.0
2020-11-04,4538087.0
2020-11-11,4552731.0
2020-11-18,4584423.0
2020-11-25,4606580.0
2020-12-02,4614410.0
2020-12-09,4630538.0
2020-12-16,4662841.0
2020-12-23,4682881.0
2020-12-30,4688916.0
2021-01-06,4699421.0
2021-01-13,4723733.0
2021-01-20,4743552.0
2021-01-27,4766107.0
2021-02-03,4772074.0
2021-02-10,4798901.0
2021-02-17,4824057.0
2021-02-24,4844574.0
2021-03-03,4867279.0
2021-03-10,4889007.0
2021-03-17,4911633.0
2021-03-24,4921302.0
2021-03-31,4942277.0
2021-04-07,4959033.0
2021-04-14,4973499.0
2021-04-21,5000306.0
2021-04-28,5014762.0
2021-05-05,5040418.0
2021-05-12,5054395.0
2021-05-19,5071821.0
2021-05-26,5087157.0
2021-06-02,5119023.0
2021-06-09,5129891.0
2021-06-16,5153771.0
2021-06-23,5163445.0
2021-06-30,5183385.0
2021-07-07,5201725.0
2021-07-14,5222570.0
2021-07-21,5242987.0
2021-07-28,5263740.0
2021-08-04,5277635.0
2021-08-11,5303495.0
2021-08-18,5323651.0
2021-08-25,5346372.0
2021-09-01,5365670.0
2021-09-08,5372741.0
2021-09-15,5391872.0
2021-09-22,5413374.0
2021-09-29,5431056.0
2021-10-06,5449277.0
2021-10-13,5465924.0
2021-10-20,5499267.0
2021-10-27,5513329.0
2021-11-03,5533219.0
2021-11-10,5552607.0
2021-11-17,5573525.0
2021-11-24,5578900.0
2021-12-01,5592119.0
2021-12-08,5604169.0
2021-12-15,5638289.0
2021-12-22,5649823.0
2021-12-29,5652272.0
2022-01-05,5661277.0
2022-01-12,5684737.0
2022-01-19,5693341.0
2022-01-26,5716217.0
2022-02-02,5728109.0
2022-02-09,5731864.0
2022-02-16,5738619.0
2022-02-23,5741778.0
2022-03-02,5749106.0
2022-03-09,5753385.0
2022-03-16,5758267.0
2022-03-23,5759149.0
2022-03-30,5760030.0
2022-04-06,5761052.0
2022-04-13,5762054.0
2022-04-20,5763035.0
2022-04-27,5764013.0
2022-05-04,5765229.0
2022-05-11,5766625.0
2022-05-18,5768021.0
2022-05-25,5769417.0
2022-06-01,5770779.0
2022-06-08,5771393.0
2022-06-15,5762730.0
2022-06-22,5763344.0
2022-06-29,5763933.0
2022-07-06,5744344.0
2022-07-13,5745528.0
2022-07-20,5733027.0
2022-07-27,5734180.0
2022-08-03,5719119.0
2022-08-10,5720572.0
2022-08-17,5699175.0
2022-08-24,5700628.0
2022-08-31,5694997.0
2022-09-07,5690760.0
2022-09-14,5687031.0
2022-09-21,5673919.0
2022-09-28,5671848.0
2022-10-05,5633926.0
2022-10-12,5629841.0
2022-10-19,5611953.0
2022-10-26,5608738.0
2022-11-02,5574965.0
2022-11-09,5575232.0
2022-11-16,5535051.0
2022-11-23,5535323.0
2022-11-30,5515984.0
2022-12-07,5514496.0
2022-12-14,5513754.0
2022-12-21,5501030.0
2022-12-28,5500834.0
2023-01-04,5457751.0
2023-01-11,5456426.0
2023-01-18,5436722.0
2023-01-25,5435582.0
2023-02-01,5397388.0
2023-02-08,5397022.0
2023-02-15,5364607.0
2023-02-22,5364291.0
2023-03-01,5336147.0
2023-03-08,5335948.0
2023-03-15,5328927.0
2023-03-22,5328976.0
2023-03-29,5329303.0
2023-04-05,5280287.0
2023-04-12,5280914.0
2023-04-19,5265070.0
2023-04-26,5265728.0
2023-05-03,5222684.0
2023-05-10,5223146.0
2023-05-17,5194610.0
2023-05-24,5194961.0
2023-05-31,5164237.0
2023-06-07,5161822.0
2023-06-14,5160251.0
2023-06-21,5145712.0
2023-06-28,5145080.0
2023-07-05,5106460.0
2023-07-12,5104348.0
2023-07-19,5083036.0
2023-07-26,5080981.0
2023-08-02,5048025.0
2023-08-09,5048370.0
2023-08-16,5006075.0
2023-08-23,5006494.0
2023-08-30,5006839.0
2023-09-06,4988471.0
2023-09-13,4982479.0
2023-09-20,4960735.0
2023-09-27,4958138.0
2023-10-04,4930410.0
2023-10-11,4928507.0
2023-10-18,4913457.0
2023-10-25,4912200.0
2023-11-01,4872601.0
2023-11-08,4872914.0
2023-11-15,4842619.0
2023-11-22,4842936.0
2023-11-29,4843174.0
2023-12-06,4812820.0
2023-12-13,4809734.0
2023-12-20,4792329.0
2023-12-27,4790547.0
2024-01-03,4753330.0
2024-01-10,4751515.0
2024-01-17,4724025.0
2024-01-24,4722302.0
2024-01-31,4692721.0
2024-02-07,4692608.0
2024-02-14,4692495.0
2024-02-21,4661421.0
2024-02-28,4661257.0
2024-03-06,4631706.0
2024-03-13,4628851.0
2024-03-20,4620435.0
2024-03-27,4618082.0
2024-04-03,4575162.0
2024-04-10,4575846.0
2024-04-17,4539133.0
2024-04-24,4539799.0
2024-05-01,4517906.0
2024-05-08,4518691.0
2024-05-15,4488090.0
2024-05-22,4488767.0
2024-05-29,4489444.0
2024-06-05,4461236.0
2024-06-12,4461661.0
2024-06-19,4453071.0
2024-06-26,4453571.0
2024-07-03,4437894.0
2024-07-10,4438095.0
2024-07-17,4423552.0
2024-07-24,4423725.0
2024-07-31,4413615.0
2024-08-07,4413650.0
2024-08-14,4413685.0
2024-08-21,4398736.0
2024-08-28,4398721.0
2024-09-04,4388817.0
2024-09-11,4389017.0
2024-09-18,4384005.0
2024-09-25,4384130.0
2024-10-02,4364382.0
2024-10-09,4364466.0
2024-10-16,4357572.0
2024-10-23,4357656.0
2024-10-30,4357825.0
2024-11-06,4339963.0
2024-11-13,4340060.0
2024-11-20,4322938.0
2024-11-27,4323134.0
2024-12-04,4315545.0
2024-12-11,4315665.0
2024-12-18,4308724.0
2024-12-25,4308893.0
2025-01-01,4291106.0
2025-01-08,4291067.0
2025-01-15,4274615.0
2025-01-22,4274563.0
2025-01-29,4274511.0
2025-02-05,4265944.0
2025-02-12,4265982.0
2025-02-19,4251251.0
2025-02-26,4251338.0
2025-03-05,4241570.0
2025-03-12,4242202.0
2025-03-19,4236787.0
2025-03-26,4237419.0
2025-04-02,4219049.0
2025-04-09,4219496.0
2025-04-16,4217259.0
2025-04-23,4217694.0
2025-04-30,4215813.0
2025-05-07,4216103.0
2025-05-14,4216393.0
2025-05-21,4213515.0
2025-05-28,4213730.0
2025-06-04,4212090.0
2025-06-11,4212398.0
2025-06-18,4212303.0
2025-06-25,4212617.0
2025-07-02,4208325.0
2025-07-09,4208526.0
2025-07-16,4206523.0
2025-07-23,4206720.0
2025-07-30,4206916.0
2025-08-06,4204501.0
2025-08-13,4204823.0
2025-08-20,4201953.0
2025-08-27,4202351.0
2025-09-03,4200818.0
2025-09-10,4200916.0
2025-09-17,4201064.0
2025-09-24,4201212.0
2025-10-01,4196385.0
2025-10-08,4196659.0
2025-10-15,4196270.0
2025-10-22,4196467.0
2025-10-29,4196739.0
2025-11-05,4192743.0
2025-11-12,4192993.0
2025-11-19,4190939.0
2025-11-26,4191225.0
2025-12-03,4188739.0
2025-12-10,4188975.0
2025-12-17,4204179.0
2025-12-24,4227581.0
2025-12-31,4227801.0
2026-01-07,4235527.0
2026-01-14,4243253.0
2026-01-21,4251156.0
2026-01-28,4265977.0
2026-02-04,4281018.0
2026-02-11,4297606.0
2026-02-18,4305596.0
2026-02-25,4321596.0
2026-03-04,4336533.0
2026-03-11,4351545.0
2026-03-18,4358597.0
2026-03-25,4375064.0
2026-04-01,4390204.0
2026-04-08,4406779.0
2026-04-15,4407209.0
2026-04-22,4420267.0
2026-04-29,4425737.0
2026-05-06,4434161.0
2026-05-13,4450235.0
2026-05-20,4457712.0
2026-05-27,4461901.0
2026-06-03,4469293.0
2026-06-10,4479919.0
2026-06-17,4487319.0
2026-06-24,4488106.0
2026-07-01,4492235.0
2026-07-08,4502749.0
2026-07-15,4509941.0
2026-07-22,4515661.0
2026-07-29,4519654.0
2026-08-05,4529958.0
2026-08-12,4538288.0
2026-08-19,4542228.0
2026-08-26,4546169.0
2026-09-02,4552347.0
2026-09-09,4552337.0
2026-09-16,4554450.0
2026-09-23,4558332.0
2026-09-30,4564161.0
