auctionDate,securityType,securityTerm,cusip,reopening,bidToCoverRatio,primaryDealerAccepted,competitiveAccepted,totalAccepted,highYield
2016-01-12,Note,3-Year,912828N63,No,2.94,6659000000,23954858000,24000003800,1.1740
2016-01-13,Note,9-Year 10-Month,912828M56,Yes,2.77,3717708000,20980572000,21000041600,2.0900
2016-01-14,Bond,29-Year 10-Month,912810RP5,Yes,2.29,4238018500,12987262000,13000002300,2.9050
2016-01-21,Note,10-Year,912828N71,No,2.19,5022590000,14971265000,15000014400,0.7250
2016-01-26,Note,2-Year,912828P20,No,2.9,7709298300,25827813300,26473356800,0.8600
2016-01-27,Note,2-Year,912828N97,No,3.67,6395000000,14988533000,15273078800,
2016-01-27,Note,5-Year,912828N89,No,2.44,13215370000,34949540000,35637167300,1.4960
2016-01-28,Note,7-Year,912828P38,No,2.63,4576127000,28973484000,29527996900,1.7590
2016-02-09,Note,3-Year,912828P53,No,2.74,10424290000,23938790000,25884497900,0.8440
2016-02-10,Note,10-Year,912828P46,No,2.56,5136875000,22975657800,24806001500,1.7300
2016-02-11,Bond,30-Year,912810RQ3,No,2.09,4754480000,14983581200,16177830500,2.5000
2016-02-18,Bond,30-Year,912810RR1,No,2.11,1878015000,6979778000,9346034000,1.1200
2016-02-23,Note,2-Year,912828UR9,Yes,2.91,8633000000,25827900000,34713862100,0.7520
2016-02-24,Note,5-Year,912828P87,No,2.44,7713720000,33944285000,45395032000,1.1690
2016-02-24,Note,1-Year 11-Month,912828N97,Yes,3.63,7890000000,12986560000,13000110800,
2016-02-26,Note,7-Year,912828P79,No,2.25,9042600000,27979590000,37384154500,1.5680
2016-03-08,Note,3-Year,912828P95,No,2.71,10714640000,23946760000,24000007400,1.0390
2016-03-09,Note,9-Year 11-Month,912828P46,Yes,2.49,6471180000,19986700000,20000048200,1.8950
2016-03-10,Bond,29-Year 11-Month,912810RQ3,Yes,2.33,3243823000,11996210600,12000000100,2.7200
2016-03-17,Note,9-Year 10-Month,912828N71,Yes,2.25,3560000000,10983074500,13620798800,0.3150
2016-03-23,Note,1-Year 10-Month,912828N97,Yes,3.07,7228455000,12997848600,13000085900,
2016-03-28,Note,2-Year,912828Q45,No,2.58,9658760000,25829771000,32194617000,0.8770
2016-03-29,Note,5-Year,912828Q37,No,2.38,13212248000,33943566400,42100686500,1.3350
2016-03-30,Note,7-Year,912828Q29,No,2.51,7468260000,27982057000,34671134500,1.6060
2016-04-12,Note,3-Year,912828Q52,No,2.72,7768420000,23848430000,24168927800,0.8900
2016-04-13,Note,9-Year 10-Month,912828P46,Yes,2.75,4952011600,19992376000,20140758900,1.7650
2016-04-14,Bond,29-Year 10-Month,912810RQ3,Yes,2.4,2886345000,11987516000,12084451100,2.5960
2016-04-21,Note,5-Year,912828Q60,No,2.42,5229762000,15948825500,16000020300,-0.1950
2016-04-25,Note,2-Year,912828Q94,No,2.64,9919440000,25859390000,32909256100,0.8420
2016-04-26,Note,5-Year,912828Q78,No,2.41,10112874000,33947734000,43035161700,1.4100
2016-04-28,Note,7-Year,912828R28,No,2.65,5659035000,27973669000,35440718100,1.6340
2016-04-28,Note,2-Year,912828Q86,No,3.57,7010580000,14976652000,18986101400,
2016-05-10,Note,3-Year,912828R44,No,2.93,6766080000,23930900000,29427648400,0.8750
2016-05-11,Note,10-Year,912828R36,No,2.68,3382496000,22968975500,28201483200,1.7100
2016-05-12,Bond,30-Year,912810RS9,No,2.19,4719288000,14984696000,18392288900,2.6150
2016-05-19,Note,9-Year 8-Month,912828N71,Yes,2.27,3564965000,10968824700,13805333100,0.2750
2016-05-24,Note,2-Year,912828R51,No,3.0,4564245000,25792767000,32630737400,0.9200
2016-05-25,Note,1-Year 11-Month,912828Q86,Yes,3.35,8589555000,12987555000,13000013800,
2016-05-25,Note,5-Year,912828R77,No,2.6,7404000000,33942055000,42671088000,1.3950
2016-05-26,Note,7-Year,912828R69,No,2.57,5183087500,27975020500,35140794700,1.6520
2016-06-07,Note,3-Year,912828R85,No,2.79,9784110000,23970054500,24000056400,0.9300
2016-06-08,Note,9-Year 11-Month,912828R36,Yes,2.7,3840695500,19987961500,20000015600,1.7020
2016-06-09,Bond,29-Year 11-Month,912810RS9,Yes,2.42,3236609500,11997283500,12000014600,2.4750
2016-06-20,Note,2-Year,912828R93,No,2.72,11049385000,25861780000,29792960800,0.7450
2016-06-21,Note,5-Year,912828S27,No,2.29,13268228600,33968028600,38959981900,1.2180
2016-06-22,Note,1-Year 10-Month,912828Q86,Yes,3.15,7781190000,12996190000,13000016000,
2016-06-22,Bond,29-Year 8-Month,912810RR1,Yes,2.69,1145571500,4984619300,5729408500,0.9050
2016-06-22,Note,7-Year,912828S35,No,2.56,7076240000,27992960200,32084663900,1.4970
2016-07-11,Note,3-Year,912828S43,No,2.69,9442870000,23952075000,25563200300,0.7650
2016-07-12,Note,9-Year 10-Month,912828R36,Yes,2.33,7546850000,19995341000,21302646200,1.5160
2016-07-13,Bond,29-Year 10-Month,912810RS9,Yes,2.48,2770188000,11996909400,12781587000,2.1720
2016-07-21,Note,10-Year,912828S50,No,2.39,3100000000,12964877700,13000041400,0.0450
2016-07-25,Note,2-Year,912828S68,No,2.52,15442960000,25827210000,27815841100,0.7600
2016-07-26,Note,5-Year,912828S76,No,2.27,14141442500,33969972000,36374437900,1.1800
2016-07-27,Note,2-Year,912828S84,No,3.82,8335330000,14993200000,16047631600,
2016-07-28,Note,7-Year,912828S92,No,2.51,7507176000,27985785000,29955423500,1.3400
2016-08-09,Note,3-Year,9128282B5,No,2.98,8069477000,23958877000,26458325800,0.8500
2016-08-10,Note,10-Year,9128282A7,No,2.43,4636800000,22983250000,25355880400,1.5030
2016-08-11,Bond,30-Year,912810RT7,No,2.24,4146168000,14994474400,16536444600,2.2740
2016-08-18,Note,4-Year 8-Month,912828Q60,Yes,2.37,4265000000,13980680000,14957477200,-0.2090
2016-08-23,Note,2-Year,9128282C3,No,2.83,7492210000,25821775000,27778206400,0.7600
2016-08-24,Note,1-Year 11-Month,912828S84,Yes,3.46,8096480000,12994280000,13000051400,
2016-08-24,Note,5-Year,9128282F6,No,2.54,8537314000,33957302600,36325290800,1.1250
2016-08-25,Note,7-Year,9128282D1,No,2.38,8754300000,27986923000,29914878600,1.4230
2016-09-12,Note,9-Year 11-Month,9128282A7,Yes,2.35,6893210500,19983257000,20000013000,1.6990
2016-09-12,Note,3-Year,9128282G4,No,2.77,9711000000,23952000000,24000039100,0.9470
2016-09-13,Bond,29-Year 11-Month,912810RT7,Yes,2.13,4489864800,11981287900,12000017800,2.4750
2016-09-22,Note,9-Year 10-Month,912828S50,Yes,2.59,3278510000,10983085000,11670544400,0.0520
2016-09-26,Note,2-Year,912828T42,No,2.65,11459237500,25825977500,27585092300,0.7500
2016-09-27,Note,5-Year,912828T34,No,2.39,11593594000,33962157800,36072640100,1.1290
2016-09-28,Note,1-Year 10-Month,912828S84,Yes,3.09,7308395000,12993599500,13792479300,
2016-09-28,Note,7-Year,912828T26,No,2.47,8444592500,27986791500,29706834800,1.3890
2016-10-12,Note,9-Year 10-Month,9128282A7,Yes,2.53,6125650000,19991812500,20000021100,1.7930
2016-10-12,Note,3-Year,912828T59,No,2.92,9044147200,23960507200,24000052900,1.0450
2016-10-13,Bond,29-Year 10-Month,912810RT7,Yes,2.44,3415405000,11993142200,12000031000,2.4700
2016-10-20,Bond,29-Year 4-Month,912810RR1,Yes,2.28,1076856000,4991818500,5302274500,0.6660
2016-10-25,Note,2-Year,912828T83,No,2.53,14507789600,25816184600,27571869400,0.8550
2016-10-26,Note,5-Year,912828T67,No,2.49,12021660000,33966348500,36055478500,1.3030
2016-10-26,Note,2-Year,912828T75,No,3.35,9186080000,14992260000,15906838800,
2016-10-27,Note,7-Year,912828T91,No,2.49,7087321800,27984258400,29692705500,1.6530
2016-11-08,Note,3-Year,912828U32,No,2.69,11910842300,23959084800,29254188300,1.0340
2016-11-09,Note,10-Year,912828U24,No,2.22,9000303000,22979766000,28035256900,2.0200
2016-11-10,Bond,30-Year,912810RU4,No,2.11,4955112000,14990499200,18283818600,2.9020
2016-11-17,Note,9-Year 8-Month,912828S50,Yes,2.39,1999000000,10976237500,12170751300,0.3690
2016-11-21,Note,2-Year,912828U40,No,2.73,13121590000,25845402500,28767455900,1.0850
2016-11-22,Note,1-Year 11-Month,912828T75,Yes,3.32,6276800000,12989875000,13000003100,
2016-11-22,Note,5-Year,912828U65,No,2.44,12119965500,33958792000,37618703900,1.7600
2016-11-23,Note,7-Year,912828U57,No,2.68,5034150000,27983649000,30980130700,2.2150
2016-12-12,Note,3-Year,912828U73,No,2.65,11608835000,23947682500,24000151800,1.4520
2016-12-12,Note,9-Year 11-Month,912828U24,Yes,2.39,7292097000,19981417000,20000048000,2.4850
2016-12-13,Bond,29-Year 11-Month,912810RU4,Yes,2.39,3219265000,11994987400,12000033700,3.1520
2016-12-22,Note,4-Year 4-Month,912828Q60,Yes,2.68,2609800000,13962568100,14000047700,0.1200
2016-12-27,Note,2-Year,912828U99,No,2.44,14976848000,25826223000,29457404400,1.2800
2016-12-28,Note,1-Year 10-Month,912828T75,Yes,3.8,8129684500,12984009500,13000063300,
2016-12-28,Note,5-Year,912828U81,No,2.72,8302740000,33949174000,38521273600,2.0570
2016-12-29,Note,7-Year,912828V23,No,2.54,4769472000,27984987000,31723405800,2.2840
2017-01-10,Note,3-Year,912828V31,No,2.97,9281376000,23948026000,25329938900,1.4720
2017-01-11,Note,9-Year 10-Month,912828U24,Yes,2.58,4142500000,19986520000,21108267300,2.3420
2017-01-12,Bond,29-Year 10-Month,912810RU4,Yes,2.32,3455500000,11994935000,12664929300,2.9140
2017-01-19,Note,10-Year,912828V49,No,2.45,2060000000,12949970000,13824492200,0.4360
2017-01-24,Note,2-Year,912828V56,No,2.68,10822100000,25846671000,27648852500,1.2100
2017-01-25,Note,5-Year,912828V72,No,2.38,10893680000,33955508400,36156151000,1.9880
2017-01-25,Note,2-Year,912828V64,No,3.16,10947180000,14977544000,15951334900,
2017-01-26,Note,7-Year,912828V80,No,2.45,5780025000,27986313000,29775647800,2.3350
2017-02-07,Note,3-Year,912828W22,No,2.78,8308604000,23949604000,26771114900,1.4230
2017-02-08,Note,10-Year,912828V98,No,2.29,7016937000,22965537000,25655599300,2.3330
2017-02-09,Bond,30-Year,912810RV2,No,2.25,4331882500,14995499500,16731908100,3.0050
2017-02-16,Bond,30-Year,912810RW0,No,2.25,1649420000,6979775000,7970819700,0.9230
2017-02-21,Note,2-Year,912828W30,No,2.82,7784400000,25838140000,29605874800,1.2300
2017-02-22,Note,1-Year 11-Month,912828V64,Yes,3.08,6611300000,12989450000,13000014500,
2017-02-22,Note,5-Year,912828W55,No,2.29,11321540000,33947683000,38715401600,1.9370
2017-02-23,Note,7-Year,912828W48,No,2.49,6946830000,27992594500,31883241500,2.1970
2017-03-07,Note,3-Year,912828W63,No,2.74,10069650000,23838790000,24000028000,1.6300
2017-03-08,Note,9-Year 11-Month,912828V98,Yes,2.66,3709102500,19990395000,20000066600,2.5600
2017-03-09,Bond,29-Year 11-Month,912810RV2,Yes,2.34,3098049500,11993718400,12000003100,3.1700
2017-03-23,Note,9-Year 10-Month,912828V49,Yes,2.23,2235000000,10978393400,12331743000,0.4660
2017-03-27,Note,2-Year,912828W97,No,2.73,9174612500,25728012500,29147741400,1.2610
2017-03-28,Note,5-Year,912828W89,No,2.37,8948845000,33941214500,38116242400,1.9500
2017-03-29,Note,7-Year,912828W71,No,2.56,5736880000,27987754000,31389847400,2.2150
2017-03-29,Note,1-Year 10-Month,912828V64,Yes,3.43,7643035000,12994035000,14573931800,
2017-04-10,Note,3-Year,912828X21,No,2.62,9508780000,23847530000,24197292400,1.5250
2017-04-11,Note,9-Year 10-Month,912828V98,Yes,2.48,5890517500,19992757500,20164418800,2.3320
2017-04-12,Bond,29-Year 10-Month,912810RV2,Yes,2.23,3563515000,11992750500,12098641600,2.9380
2017-04-20,Note,5-Year,912828X39,No,2.52,2651620000,15919680000,16000003300,-0.0490
2017-04-25,Note,2-Year,912828ST8,Yes,2.85,7629348000,25730103000,29548676400,1.2800
2017-04-26,Note,5-Year,912828X47,No,2.34,12708157400,33963391400,38640885200,1.8750
2017-04-26,Note,2-Year,912828X54,No,3.35,5525993000,14979774000,17047347300,
2017-04-27,Note,7-Year,912828X70,No,2.73,2456885000,27991657000,31821585100,2.0840
2017-05-09,Note,3-Year,912828X96,No,2.76,9519850000,23850350000,31929051900,1.5720
2017-05-10,Note,10-Year,912828X88,No,2.33,7861440000,22972960000,30598792900,2.4000
2017-05-11,Bond,30-Year,912810RX8,No,2.19,5341230000,14987803000,19955665200,3.0500
2017-05-18,Note,9-Year 8-Month,912828V49,Yes,2.56,1243000000,10971200000,12323383200,0.4200
2017-05-23,Note,2-Year,912828XS4,No,2.9,7848100000,25776462000,29127948000,1.3160
2017-05-24,Note,1-Year 11-Month,912828X54,Yes,2.99,7592600000,12992350000,13000007400,
2017-05-24,Note,5-Year,912828XR6,No,2.67,7713724000,33931858000,38090349900,1.8310
2017-05-25,Note,7-Year,912828XT2,No,2.54,6043716000,27991040000,31368553400,2.0600
2017-06-12,Note,9-Year 11-Month,912828X88,Yes,2.54,5707695000,19990115500,20000060600,2.1950
2017-06-12,Note,3-Year,912828XU9,No,3.0,6707164000,23823072000,24000079600,1.5000
2017-06-13,Bond,29-Year 11-Month,912810RX8,Yes,2.32,3548471000,11997542500,12000003200,2.8700
2017-06-22,Bond,29-Year 8-Month,912810RW0,Yes,2.83,772732400,4990663800,5607779400,0.8800
2017-06-26,Note,2-Year,912828XV7,No,3.03,6440040000,25723844900,29160503600,1.3480
2017-06-27,Note,5-Year,912828XW5,No,2.33,8691815000,33949132000,38132873500,1.8280
2017-06-28,Note,7-Year,912828XX3,No,2.46,7041487500,27988950500,31403567900,2.0560
2017-06-28,Note,1-Year 10-Month,912828X54,Yes,3.13,4767600000,12995110000,14580256200,
2017-07-11,Note,3-Year,9128282J8,No,2.87,8950362500,23831954000,24547823000,1.5730
2017-07-12,Note,9-Year 10-Month,912828X88,Yes,2.45,5887165000,19988308600,20456565100,2.3250
2017-07-13,Bond,29-Year 10-Month,912810RX8,Yes,2.31,3831640000,11995970000,12273921200,2.9360
2017-07-20,Note,10-Year,9128282L3,No,1.98,5120735000,12976015000,14321777400,0.4890
2017-07-25,Note,2-Year,9128282K5,No,3.06,6335781500,25716736500,28643560700,1.3950
2017-07-26,Note,5-Year,9128282P4,No,2.58,8170590500,33962774900,37457038900,1.8840
2017-07-26,Note,2-Year,9128282M1,No,3.32,5803975000,14991978000,16525444600,
2017-07-27,Note,7-Year,9128282N9,No,2.54,5772548000,27989153000,30846902400,2.1260
2017-08-08,Note,3-Year,9128282Q2,No,3.13,6149130000,23847186000,31221297500,1.5200
2017-08-09,Note,10-Year,9128282R0,No,2.23,8100393500,22972220000,29920439700,2.2500
2017-08-10,Bond,30-Year,912810RY6,No,2.32,4172865000,14997186500,19513311500,2.8180
2017-08-23,Note,1-Year 11-Month,9128282M1,Yes,3.09,6441584000,12993206000,13000065300,
2017-08-24,Note,4-Year 8-Month,912828X39,Yes,2.41,3190390000,13966584700,14438855000,0.1170
2017-08-28,Note,5-Year,9128282S8,No,2.58,5925410000,33908057000,35065701200,1.7420
2017-08-28,Note,2-Year,9128282T6,No,2.86,10738140000,25788640000,26814999800,1.3450
2017-08-29,Note,7-Year,9128282U3,No,2.46,4089430000,27981344000,28877628800,1.9410
2017-09-11,Note,3-Year,9128282V1,No,2.7,10359565000,23852322500,24000020800,1.4330
2017-09-12,Note,9-Year 11-Month,9128282R0,Yes,2.28,7730100000,19989855000,20000010700,2.1800
2017-09-13,Bond,29-Year 11-Month,912810RY6,Yes,2.21,4126280000,11995788000,12000001700,2.7900
2017-09-21,Note,9-Year 10-Month,9128282L3,Yes,2.32,3002965500,10988177500,11000003900,0.4500
2017-09-26,Note,2-Year,9128282X7,No,2.88,9490800000,25781600000,29234491500,1.4620
2017-09-27,Note,5-Year,9128282W9,No,2.52,7901980000,33896178000,38229432500,1.9110
2017-09-27,Note,1-Year 10-Month,9128282M1,Yes,3.46,6869170000,12986905000,13000463400,
2017-09-28,Note,7-Year,9128282Y5,No,2.7,2912643500,27987167000,31483105600,2.1300
2017-10-11,Note,9-Year 10-Month,9128282R0,Yes,2.54,4971980000,19989855200,20000021500,2.3460
2017-10-11,Note,3-Year,9128282Z2,No,2.83,9201310000,23823582000,24000066200,1.6570
2017-10-12,Bond,29-Year 10-Month,912810RY6,Yes,2.53,3189571500,11995097500,12000002900,2.8700
2017-10-19,Bond,29-Year 4-Month,912810RW0,Yes,2.64,1152640000,4989275000,5125070200,0.9080
2017-10-24,Note,2-Year,912828F62,Yes,2.74,9714935000,25770610000,26650436300,1.5960
2017-10-25,Note,5-Year,9128283C2,No,2.44,9298700000,33948068000,34850476900,2.0580
2017-10-25,Note,2-Year,9128283B4,No,3.56,5873080000,14991145500,15375300700,
2017-10-26,Note,7-Year,9128283D0,No,2.39,6503526500,27988839000,28700455100,2.2800
2017-11-07,Note,3-Year,9128283G3,No,2.76,8927931000,23837834000,26918433500,1.7500
2017-11-08,Note,10-Year,9128283F5,No,2.48,5274203000,22968866000,25796784000,2.3140
2017-11-09,Bond,30-Year,912810RZ3,No,2.23,4762610000,14995116000,16823982700,2.8010
2017-11-16,Note,9-Year 8-Month,9128282L3,Yes,2.43,2875350000,10983585000,11596917300,0.5120
2017-11-21,Note,1-Year 11-Month,9128283B4,Yes,3.69,5728170000,12977330000,13000127900,
2017-11-27,Note,5-Year,912828M80,Yes,2.46,7758790000,33972587000,35845019800,2.0660
2017-11-27,Note,2-Year,9128283H1,No,2.73,10571886000,25687765500,27410954500,1.7650
2017-11-28,Note,7-Year,9128283J7,No,2.36,7743681000,27991991000,29519458000,2.2300
2017-12-11,Note,9-Year 11-Month,9128283F5,Yes,2.37,6883920000,19990658000,20000012700,2.3840
2017-12-11,Note,3-Year,9128283L2,No,3.15,8003620000,23846190000,24000009500,1.9320
2017-12-12,Bond,29-Year 11-Month,912810RZ3,Yes,2.48,3484950000,11992460000,12000011800,2.8040
2017-12-21,Note,4-Year 4-Month,912828X39,Yes,2.78,2249360000,13957084000,14000003400,0.3700
2017-12-26,Note,2-Year,9128283N8,No,2.52,11703600000,25727830000,29398819700,1.9220
2017-12-27,Note,1-Year 10-Month,9128283B4,Yes,3.26,4840278000,12991358000,13000051100,
2017-12-27,Note,5-Year,912828N30,Yes,2.36,11432455000,33968841000,38444665200,2.2450
2017-12-28,Note,7-Year,9128283P3,No,2.55,7382507500,27991938500,31660304600,2.3700
2018-01-09,Note,3-Year,9128283Q1,No,3.13,8006250000,23839925000,24812807800,2.0800
2018-01-10,Note,9-Year 10-Month,9128283F5,Yes,2.69,4407365000,19991883000,20677365100,2.5790
2018-01-11,Bond,29-Year 10-Month,912810RZ3,Yes,2.74,2547563200,11997353200,12406398400,2.8670
2018-01-18,Note,10-Year,9128283R9,No,2.69,1428975000,12944735000,14910648600,0.5480
2018-01-23,Note,2-Year,9128283S7,No,3.22,6603992500,25555407500,29821227800,2.0660
2018-01-24,Note,2-Year,9128283T5,No,3.38,9401360000,14979942000,17204781800,
2018-01-24,Note,5-Year,9128283U2,No,2.48,8810665000,33951297000,38997034500,2.4340
2018-01-25,Note,7-Year,9128283V0,No,2.73,3275208000,27982405000,32115171200,2.5650
2018-02-06,Note,3-Year,9128283X6,No,3.0,10474530000,25838064700,30914178300,2.2800
2018-02-07,Note,10-Year,9128283W8,No,2.34,6504000000,23956710000,28536158300,2.8110
2018-02-08,Bond,30-Year,912810SA7,No,2.26,4922065000,15983370000,19024077000,3.1210
2018-02-15,Bond,30-Year,912810SB5,No,2.31,1571208000,6976330200,8706576400,1.0030
2018-02-20,Note,2-Year,9128283Y4,No,2.72,11133705000,27636164500,34826345700,2.2550
2018-02-21,Note,1-Year 11-Month,9128283T5,Yes,2.75,8831160000,14982160000,15000012400,
2018-02-21,Note,5-Year,9128284A5,No,2.44,10228430000,34910309000,43532854900,2.6580
2018-02-22,Note,7-Year,9128283Z1,No,2.49,6413300000,28980465000,36070110200,2.8390
2018-03-12,Note,9-Year 11-Month,9128283W8,Yes,2.5,5726580000,20983754000,21000005900,2.8890
2018-03-12,Note,3-Year,9128284B3,No,2.94,11272387500,27687462500,28000025100,2.4360
2018-03-13,Bond,29-Year 11-Month,912810SA7,Yes,2.38,3548000000,12995571000,13000001700,3.1090
2018-03-22,Note,9-Year 10-Month,9128283R9,Yes,2.56,2406640000,10983900000,11000002700,0.7640
2018-03-26,Note,2-Year,9128284C1,No,2.91,12235375000,29596381000,35284834700,2.3100
2018-03-27,Note,5-Year,9128284D9,No,2.5,9851000000,34942858600,41165536500,2.6120
2018-03-28,Note,7-Year,9128284F4,No,2.34,9300272400,28977509400,34108590900,2.7200
2018-03-28,Note,1-Year 10-Month,9128283T5,Yes,2.78,7718875000,14983875000,17642362900,
2018-04-10,Note,3-Year,9128284G2,No,2.85,12187390000,29810138700,30051494400,2.4500
2018-04-11,Note,9-Year 10-Month,9128283W8,Yes,2.46,8053772000,20991784000,21036051300,2.7950
2018-04-12,Bond,29-Year 10-Month,912810SA7,Yes,2.41,3171000000,12998197000,13022289700,3.0440
2018-04-19,Note,5-Year,9128284H0,No,2.55,3695490000,15900862300,18042280700,0.6310
2018-04-24,Note,2-Year,9128284J6,No,2.61,13572100000,31492600000,36084396900,2.4980
2018-04-25,Note,5-Year,9128284L1,No,2.49,9141400000,34945476000,39467309000,2.8370
2018-04-25,Note,2-Year,9128284K3,No,3.65,8321620000,16959289000,19169908300,
2018-04-26,Note,7-Year,9128284M9,No,2.56,6245260000,28975939000,32701509600,2.9520
2018-05-08,Note,3-Year,9128284P2,No,2.76,12993410000,30818150000,38473125500,2.6640
2018-05-09,Note,10-Year,9128284N7,No,2.56,7152318500,24954719000,31026732300,2.9950
2018-05-10,Bond,30-Year,912810SC3,No,2.38,4913239000,16994954700,21098197100,3.1300
2018-05-17,Note,9-Year 8-Month,9128283R9,Yes,2.42,3186000000,10986447500,12910859800,0.9340
2018-05-22,Note,2-Year,9128284Q0,No,2.88,14712135000,32429810000,38732492100,2.5900
2018-05-23,Note,1-Year 11-Month,9128284K3,Yes,3.26,6896460000,15982911500,16000041600,
2018-05-23,Note,5-Year,9128284S6,No,2.52,11838508800,35936698800,42253698300,2.8640
2018-05-24,Note,7-Year,9128284R8,No,2.62,6472380000,29974623800,35211597100,2.9300
2018-06-11,Note,9-Year 11-Month,9128284N7,Yes,2.59,6092018000,21989208000,22000050600,2.9620
2018-06-11,Note,3-Year,9128284T4,No,2.83,12542665000,31825119500,32000118800,2.6640
2018-06-12,Bond,29-Year 11-Month,912810SC3,Yes,2.38,3846767100,13992939100,14000008100,3.1000
2018-06-21,Bond,29-Year 8-Month,912810SB5,Yes,2.62,730405500,4997983200,5000001200,0.9340
2018-06-26,Note,2-Year,912828XY1,No,2.73,14171220000,33475880000,38234251300,2.5380
2018-06-27,Note,1-Year 10-Month,9128284K3,Yes,2.79,8844600000,15992600000,16000077700,
2018-06-27,Note,5-Year,9128284U1,No,2.55,10241116200,35963725700,40483394000,2.7190
2018-06-28,Note,7-Year,912828XZ8,No,2.53,7238680000,29983974000,33736074500,2.8090
2018-07-10,Note,3-Year,912828Y20,No,2.51,16840402500,32837502500,33128311900,2.6850
2018-07-11,Note,9-Year 10-Month,9128284N7,Yes,2.57,5389821000,21993278500,22085574700,2.8590
2018-07-12,Bond,29-Year 10-Month,912810SC3,Yes,2.34,3890000000,13995064000,14054415600,2.9580
2018-07-19,Note,10-Year,912828Y38,No,2.22,2930680000,12970650000,13705922200,0.7620
2018-07-24,Note,2-Year,912828Y46,No,2.92,14021916000,34462311000,36900694700,2.6570
2018-07-25,Note,5-Year,912828Y61,No,2.61,8666800000,35966433000,37954982400,2.8150
2018-07-25,Note,2-Year,912828Y53,No,2.79,7607770000,17967915000,18977701600,
2018-07-26,Note,7-Year,912828Y79,No,2.49,7026716000,29992613000,31629113100,2.9300
2018-08-07,Note,3-Year,9128284W7,No,2.65,15288800000,33807730000,38570974200,2.7650
2018-08-08,Note,10-Year,9128284V9,No,2.55,7129974000,25970654000,29495528000,2.9600
2018-08-09,Bond,30-Year,912810SD1,No,2.27,5346461000,17991688500,20419916800,3.0900
2018-08-23,Note,4-Year 8-Month,9128284H0,Yes,2.78,2681000000,13964787300,14986736700,0.7240
2018-08-27,Note,2-Year,9128284Y3,No,2.89,15102395000,35536266000,38537491100,2.6550
2018-08-28,Note,5-Year,9128284X5,No,2.49,9141549200,36946038000,39607828100,2.7650
2018-08-29,Note,7-Year,9128284Z0,No,2.65,6670200000,30985490000,33184943100,2.8440
2018-08-29,Note,1-Year 11-Month,912828Y53,Yes,2.94,8811925000,16974762500,18198222700,
2018-09-11,Note,3-Year,9128285A4,No,2.68,14958752400,34789505900,35000019100,2.8210
2018-09-12,Note,9-Year 11-Month,9128284V9,Yes,2.58,5203000000,22984575000,23000004800,2.9570
2018-09-13,Bond,29-Year 11-Month,912810SD1,Yes,2.34,4049031000,14996787500,15000011400,3.0880
2018-09-20,Note,9-Year 10-Month,912828Y38,Yes,2.57,2379096000,10986204000,11000007500,0.9100
2018-09-24,Note,2-Year,9128285B2,No,2.44,17024568000,36509217400,37000075500,2.8290
2018-09-25,Note,1-Year 10-Month,912828Y53,Yes,3.06,5850726000,16987902000,17000058900,
2018-09-25,Note,5-Year,9128285D8,No,2.39,12495168000,37961268000,38000046700,2.9970
2018-09-27,Note,7-Year,9128285C0,No,2.45,7828496000,30976622800,31000048300,3.0340
2018-10-10,Note,3-Year,9128285F3,No,2.56,15469960000,35703620000,36000081000,2.9890
2018-10-10,Note,9-Year 10-Month,9128284V9,Yes,2.39,6923757500,22974381100,23000049000,3.2250
2018-10-11,Bond,29-Year 10-Month,912810SD1,Yes,2.42,3421101000,14997966200,15000000400,3.3440
2018-10-18,Bond,29-Year 4-Month,912810SB5,Yes,2.32,1166187000,4998075700,5000003100,1.2350
2018-10-23,Note,2-Year,9128285G1,No,2.67,15699606600,37472866800,38000195100,2.8800
2018-10-24,Note,5-Year,9128285K2,No,2.3,15202650000,38858615000,39000005200,2.9770
2018-10-24,Note,2-Year,9128285H9,No,3.32,9096480000,18963250000,19000368500,
2018-10-25,Note,7-Year,9128285J5,No,2.39,9339472500,30979771200,31000000300,3.0740
2018-11-05,Note,3-Year,9128285L0,No,2.54,17584965000,36702980900,44545606000,2.9830
2018-11-06,Note,10-Year,9128285M8,No,2.54,6726464000,26952935100,32506247900,3.2090
2018-11-07,Bond,30-Year,912810SE9,No,2.06,7227000000,18993389800,22874685200,3.4180
2018-11-21,Note,9-Year 8-Month,912828Y38,Yes,2.59,2178352500,10989087900,11965978500,1.1090
2018-11-26,Note,2-Year,9128285Q9,No,2.65,13744165000,38562886000,42424857200,2.8360
2018-11-27,Note,5-Year,9128285P1,No,2.49,11866460000,39853291500,43512625200,2.8800
2018-11-28,Note,7-Year,9128285N6,No,2.55,5225844000,31977842000,34810090800,2.9740
2018-11-28,Note,1-Year 11-Month,9128285H9,Yes,2.62,10891070000,17975557500,19580708100,
2018-12-11,Note,3-Year,9128285R7,No,2.59,13973660000,37794031200,38000030400,2.7480
2018-12-12,Note,9-Year 11-Month,9128285M8,Yes,2.35,6270074500,23987828100,24000064500,2.9150
2018-12-13,Bond,29-Year 11-Month,912810SE9,Yes,2.31,3528025000,15995815500,16000009200,3.1650
2018-12-20,Note,4-Year 4-Month,9128284H0,Yes,2.8,1757000000,13970192400,14000017000,1.1290
2018-12-24,Note,2-Year,9128285S5,No,2.31,18648460000,39523090000,40000083900,2.6190
2018-12-26,Note,1-Year 10-Month,9128285H9,Yes,2.71,5784740000,17989740000,18000034800,
2018-12-26,Note,5-Year,9128285U0,No,2.09,15056000000,40964967900,41000018600,2.6520
2018-12-27,Note,7-Year,9128285T3,No,2.46,5752350000,31988328300,32000158000,2.6800
2019-01-08,Note,3-Year,9128285V8,No,2.44,15271970000,37834902900,38000062100,2.5590
2019-01-09,Note,9-Year 10-Month,9128285M8,Yes,2.51,5357000000,23994624100,24000004600,2.7280
2019-01-10,Bond,29-Year 10-Month,912810SE9,Yes,2.19,4275503000,15992784300,16000003500,3.0350
2019-01-17,Note,10-Year,9128285W6,No,2.42,2153000000,12955260500,13000009700,0.9190
2019-01-28,Note,2-Year,9128285X4,No,2.56,10886200000,39581800000,40000052800,2.6000
2019-01-28,Note,5-Year,9128285Z9,No,2.41,10065644100,40965284100,41000065400,2.5760
2019-01-29,Note,7-Year,9128286A3,No,2.54,5382401500,31985843200,32000106200,2.6250
2019-01-29,Note,2-Year,9128285Y2,No,2.89,10402240000,19970680000,20000181600,
2019-02-05,Note,3-Year,9128286C9,No,2.55,13561250000,37820750000,47151292800,2.5020
2019-02-06,Note,10-Year,9128286B1,No,2.35,7648410000,26969069000,33502200100,2.6890
2019-02-07,Bond,30-Year,912810SF6,No,2.27,5060310000,18992283200,23575631600,3.0220
2019-02-20,Note,1-Year 11-Month,9128285Y2,Yes,2.7,8624050000,17986050000,18000006600,
2019-02-21,Bond,30-Year,912810SG4,No,2.46,1198818300,7990077700,8385013000,1.0930
2019-02-25,Note,2-Year,9128286D7,No,2.5,15330790000,39512863600,41925084100,2.5030
2019-02-25,Note,5-Year,9128286G0,No,2.4,8122448800,40962936200,42973156300,2.4890
2019-02-26,Note,7-Year,9128286F2,No,2.6,5246000000,31983000200,33540102000,2.5380
2019-03-11,Note,3-Year,9128286H8,No,2.56,15525615000,37811102500,38000072100,2.4480
2019-03-12,Note,9-Year 11-Month,9128286B1,Yes,2.59,5152777600,23989900400,24000129600,2.6150
2019-03-13,Bond,29-Year 11-Month,912810SF6,Yes,2.25,4501463000,15997798300,16000010200,3.0140
2019-03-21,Note,9-Year 10-Month,9128285W6,Yes,2.43,1913730000,10984062000,11000005100,0.5780
2019-03-26,Note,2-Year,912828C57,Yes,2.6,12131900000,39516105000,40000023200,2.2610
2019-03-27,Note,1-Year 10-Month,9128285Y2,Yes,3.78,8272038000,17989911000,18000386600,
2019-03-27,Note,5-Year,912828W71,Yes,2.35,9737000000,40968002200,41000021100,2.1720
2019-03-28,Note,7-Year,9128286L9,No,2.54,4733080000,31992200000,32000000900,2.2810
2019-04-09,Note,3-Year,9128286M7,No,2.49,14588040000,37816560000,38005305000,2.3010
2019-04-10,Note,9-Year 10-Month,9128286B1,Yes,2.55,4706537500,23982300500,24003370500,2.4660
2019-04-11,Bond,29-Year 10-Month,912810SF6,Yes,2.25,4021640000,15997217500,16002247400,2.9300
2019-04-18,Note,5-Year,9128286N5,No,2.5,2679937500,16931802500,17217057200,0.5150
2019-04-23,Note,2-Year,912828WG1,Yes,2.51,14477640200,39673507100,40510736100,2.3550
2019-04-24,Note,2-Year,9128286Q8,No,2.68,12031960000,19972560000,20255375900,
2019-04-24,Note,5-Year,9128286R6,No,2.44,9525625000,40966994000,41523527200,2.3150
2019-04-25,Note,7-Year,9128286S4,No,2.49,6576255000,31940860000,32408620100,2.4260
2019-05-07,Note,3-Year,9128286U9,No,2.48,15936640000,37914860000,50945077900,2.2480
2019-05-08,Note,10-Year,9128286T2,No,2.17,9497820000,26978718000,36197798200,2.4790
2019-05-09,Bond,30-Year,912810SH2,No,2.2,5418212500,18992200500,25472499400,2.8920
2019-05-23,Note,9-Year 8-Month,9128285W6,Yes,3.07,1525000000,10992136600,12155529400,0.5670
2019-05-28,Note,5-Year,912828XT2,Yes,2.38,9889970000,40959885200,45307118300,2.0650
2019-05-28,Note,2-Year,9128286V7,No,2.75,10383000000,39610396400,44201927600,2.1250
2019-05-29,Note,7-Year,9128286X3,No,2.3,9737150000,31974790000,35361557000,2.1440
2019-05-29,Note,1-Year 11-Month,9128286Q8,Yes,2.84,10305945000,17991775000,19890932700,
2019-06-11,Note,3-Year,9128286Y1,No,2.62,11331890000,37744031200,38000208300,1.8610
2019-06-12,Note,9-Year 11-Month,9128286T2,Yes,2.49,4994832000,23990062000,24000002600,2.1300
2019-06-13,Bond,29-Year 11-Month,912810SH2,Yes,2.32,3850657000,15990054000,16000010400,2.6070
2019-06-20,Note,4-Year 10-Month,9128286N5,Yes,2.55,2006615500,14981705500,15000001500,0.1520
2019-06-21,Note,9-Year 11-Month,9128286T2,Yes,3.43,25000400,25000400,25000400,2.0650
2019-06-25,Note,2-Year,9128287A2,No,2.58,10834025000,39645985000,42287660200,1.6950
2019-06-26,Note,1-Year 10-Month,9128286Q8,Yes,3.36,5665529500,17990274500,18000075100,
2019-06-26,Note,5-Year,9128286Z8,No,2.35,9497863400,40973818400,43344827600,1.7910
2019-06-27,Note,7-Year,9128287B0,No,2.44,6478385000,31990670400,33830122200,1.8890
2019-07-09,Note,3-Year,9128287C8,No,2.39,12750475000,37971150000,38323614100,1.8570
2019-07-10,Note,9-Year 10-Month,9128286T2,Yes,2.41,6332384000,23995397000,24204348800,2.0640
2019-07-11,Bond,29-Year 10-Month,912810SH2,Yes,2.13,5314762000,15992757000,16136224700,2.6440
2019-07-18,Note,10-Year,9128287D6,No,2.28,2390015000,13977442000,14556159100,0.2820
2019-07-23,Note,2-Year,9128287F1,No,2.5,12546135000,39710027000,41589175600,1.8250
2019-07-24,Note,5-Year,912828Y87,No,2.26,13453035000,40949530000,42628824700,1.8240
2019-07-24,Note,2-Year,9128287G9,No,2.73,10217400000,19980585000,20794664700,
2019-07-25,Note,7-Year,912828Y95,No,2.27,7945585000,31982395000,33271236300,1.9670
2019-08-06,Note,3-Year,912828YA2,No,2.41,12908760000,37953300000,62796996600,1.5620
2019-08-07,Note,10-Year,912828YB0,No,2.2,8286980000,26972550500,44618951200,1.6700
2019-08-08,Bond,30-Year,912810SJ8,No,2.24,4965230000,18991314000,31398523000,2.3350
2019-08-22,Bond,29-Year 6-Month,912810SG4,Yes,2.7,743000000,6989083800,7000015200,0.5010
2019-08-27,Note,2-Year,912828YC8,No,2.6,12915980000,39740475000,45194261300,1.5160
2019-08-28,Note,1-Year 11-Month,9128287G9,Yes,2.92,7847000000,17994235000,18000005300,
2019-08-28,Note,5-Year,912828YE4,No,2.48,8865025000,40974690000,46324147700,1.3650
2019-08-29,Note,7-Year,912828YD6,No,2.16,10797000000,31989237200,36155384100,1.4890
2019-09-10,Note,3-Year,912828YF1,No,2.42,14123390000,37916593800,38000053000,1.5730
2019-09-11,Note,9-Year 11-Month,912828YB0,Yes,2.46,5920000000,23997675800,24000000400,1.7390
2019-09-12,Bond,29-Year 11-Month,912810SJ8,Yes,2.22,4216078000,15981862800,16000014000,2.2700
2019-09-19,Note,9-Year 10-Month,9128287D6,Yes,2.41,2073000000,11990950000,13246585400,0.1740
2019-09-24,Note,2-Year,912828YJ3,No,2.64,10784437500,39853186400,44155280500,1.6120
2019-09-25,Note,1-Year 10-Month,9128287G9,Yes,2.66,9089115000,17995615000,18000009400,
2019-09-25,Note,5-Year,912828YH7,No,2.32,11068120000,40983213400,45259281000,1.6000
2019-09-26,Note,7-Year,912828YG9,No,2.49,6468536000,31993709400,35324243400,1.6330
2019-10-08,Note,3-Year,912828YK0,No,2.43,14163710000,37971665400,38000042000,1.4130
2019-10-09,Note,9-Year 10-Month,912828YB0,Yes,2.43,6881891500,23996736500,24000050500,1.5900
2019-10-10,Bond,29-Year 10-Month,912810SJ8,Yes,2.25,3669756500,15997302900,16000019200,2.1700
2019-10-17,Note,5-Year,912828YL8,No,2.75,2344480000,16969123800,18777363000,0.0540
2019-10-22,Note,2-Year,912828YP9,No,2.7,12453000000,39893161200,44182080800,1.5940
2019-10-23,Note,5-Year,912828YM6,No,2.41,9332762500,40965995900,45286741200,1.5700
2019-10-23,Note,2-Year,912828YN4,No,2.58,10431925000,19985075000,22091218900,
2019-10-24,Note,7-Year,912828YQ7,No,2.46,6422000000,31995464500,35345641600,1.6570
2019-11-05,Note,3-Year,912828TY6,Yes,2.6,11260318000,37851001000,55993381300,1.6300
2019-11-06,Note,10-Year,912828YS3,No,2.49,6230948000,26979990400,39784731300,1.8090
2019-11-07,Bond,30-Year,912810SK5,No,2.23,3935722500,18985715000,27996676000,2.4300
2019-11-21,Note,9-Year 8-Month,9128287D6,Yes,2.4,1846087500,11984045100,12000004900,0.1490
2019-11-25,Note,2-Year,912828YT1,No,2.63,9198550000,39801229400,43175557500,1.6010
2019-11-26,Note,1-Year 11-Month,912828YN4,Yes,2.5,14100285000,17990617000,18000173600,
2019-11-26,Note,5-Year,912828YV6,No,2.5,8863021000,40967296000,44254945900,1.5870
2019-11-27,Note,7-Year,912828YU8,No,2.44,6499017500,31993382500,34540488100,1.7190
2019-12-06,Note,1-Year 11-Month,912828YN4,Yes,5.4,25000200,25000200,25000200,
2019-12-09,Note,3-Year,912828YW4,No,2.56,10250500000,37843440000,38000047000,1.6320
2019-12-10,Note,9-Year 11-Month,912828YS3,Yes,2.43,5885000000,23993631300,24000048400,1.8420
2019-12-12,Bond,29-Year 11-Month,912810SK5,Yes,2.46,2473550000,15994580000,16000006300,2.3070
2019-12-18,Note,1-Year 10-Month,912828YN4,Yes,4.17,8328000000,17989539200,18000101100,
2019-12-19,Note,4-Year 10-Month,912828YL8,Yes,2.69,1958420000,14974600800,16411808900,0.0200
2019-12-23,Note,2-Year,912828YZ7,No,2.3,12812376000,39734202000,43764668600,1.6530
2019-12-24,Note,5-Year,912828YY0,No,2.49,8799000000,40970167500,44858810600,1.7560
2019-12-26,Note,7-Year,912828YX2,No,2.47,5486661000,31992488000,35011701500,1.8350
2020-01-07,Note,3-Year,912828Z29,No,2.45,13569390000,37951625200,39215913300,1.5670
2020-01-08,Note,9-Year 10-Month,912828YS3,Yes,2.45,6885790000,23995938400,24767945400,1.8690
2020-01-09,Bond,29-Year 10-Month,912810SK5,Yes,2.54,3050475000,15983332000,16511946200,2.3410
2020-01-23,Note,10-Year,912828Z37,No,2.33,2146000000,13960090000,15445660100,0.0360
2020-01-27,Note,5-Year,912828Z52,No,2.33,10675776000,40971056600,45233673600,1.4480
2020-01-27,Note,2-Year,912828Z60,No,2.65,12000430000,39757037000,44130503000,1.4400
2020-01-28,Note,7-Year,912828Z78,No,2.37,7908318000,31990590200,35304302200,1.5700
2020-01-28,Note,2-Year,912828Z45,No,3.23,9716000000,19973500000,22065262600,
2020-02-11,Note,3-Year,912828Z86,No,2.56,14378350000,37847024000,54899762100,1.3940
2020-02-12,Note,10-Year,912828Z94,No,2.58,6452908500,26979320900,39007715400,1.6220
2020-02-13,Bond,30-Year,912810SL3,No,2.43,3623475000,18996908800,27449872500,2.0610
2020-02-20,Bond,30-Year,912810SM1,No,2.4,1182390500,7993317500,8000004200,0.2610
2020-02-25,Note,2-Year,912828ZA1,No,2.45,17685760000,39738640000,46045446200,1.1880
2020-02-26,Note,5-Year,912828ZC7,No,2.46,11741139300,40967278500,47196559300,1.1500
2020-02-26,Note,1-Year 11-Month,912828Z45,Yes,2.49,12615294000,17989598000,18000022500,
2020-02-27,Note,7-Year,912828ZB9,No,2.49,7656995000,31991333600,36836326900,1.2470
2020-03-10,Note,3-Year,912828ZD5,No,2.2,16714000000,37958109600,38036596200,0.5630
2020-03-11,Note,9-Year 11-Month,912828Z94,Yes,2.36,7145470000,23996279000,24023077900,0.8490
2020-03-12,Bond,29-Year 11-Month,912810SL3,Yes,2.36,3452000000,15997570200,16015385200,1.3200
2020-03-19,Note,9-Year 10-Month,912828Z37,Yes,2.32,2356000000,11982173400,13613368400,0.6800
2020-03-24,Note,2-Year,912828ZG8,No,2.36,14435610000,39824357500,45377861200,0.3980
2020-03-25,Note,1-Year 10-Month,912828Z45,Yes,2.91,6506610000,17995560000,18000135100,
2020-03-25,Note,5-Year,912828ZF0,No,2.53,14483490000,40986935600,46512285400,0.5350
2020-03-26,Note,7-Year,912828ZE3,No,2.76,9135600000,31994071000,36302504700,0.6800
2020-04-06,Note,3-Year,912828ZH6,No,2.27,16162380000,39872330900,40131675300,0.3480
2020-04-07,Note,9-Year 10-Month,912828Z94,Yes,2.43,6897224000,24998289000,25082286900,0.7820
2020-04-08,Bond,29-Year 10-Month,912810SL3,Yes,2.35,3842205000,16996500700,17055977200,1.3250
2020-04-23,Note,5-Year,912828ZJ2,No,2.74,2415000000,16924858300,18476364300,-0.3200
2020-04-27,Note,5-Year,912828ZL7,No,2.74,8320115000,42983620000,46734367800,0.3940
2020-04-27,Note,2-Year,912828ZM5,No,3.1,11025000000,41788275000,45647472600,0.2290
2020-04-28,Note,2-Year,912828ZK9,No,3.02,6925000000,21979152000,23910733300,
2020-04-28,Note,7-Year,912828ZN3,No,2.56,7441710500,34993593100,38039593700,0.5250
2020-05-11,Note,3-Year,912828ZP8,No,2.54,13678570000,41967910000,64211663800,0.2300
2020-05-12,Note,10-Year,912828ZQ6,No,2.69,6563637500,31988685800,48923196400,0.7000
2020-05-13,Bond,30-Year,912810SN9,No,2.3,4701400000,21993520000,33634677800,1.3420
2020-05-20,Bond,20-Year,912810SR0,No,2.53,4910912500,19993692500,22099678800,1.2200
2020-05-21,Note,9-Year 8-Month,912828Z37,Yes,2.39,3605174000,11965595000,12000015400,-0.4700
2020-05-26,Note,2-Year,912828ZR4,No,2.68,14058420000,43789995000,48619273200,0.1780
2020-05-27,Note,1-Year 11-Month,912828ZK9,Yes,3.12,9226460000,19993360000,20000035500,
2020-05-27,Note,5-Year,912828ZT0,No,2.28,14317000000,44983345000,49724276500,0.3340
2020-05-28,Note,7-Year,912828ZS2,No,2.55,9126520000,37990920000,41989354500,0.5530
2020-06-08,Note,3-Year,912828ZU7,No,2.55,14171375000,43982678700,44625568900,0.2800
2020-06-09,Note,9-Year 11-Month,912828ZQ6,Yes,2.26,9134276500,28998725800,29412319200,0.8320
2020-06-11,Bond,29-Year 11-Month,912810SN9,Yes,2.3,4663961200,18999108200,19270143500,1.4500
2020-06-17,Bond,19-Year 11-Month,912810SR0,Yes,2.63,3726341000,16998646000,19325136300,1.3140
2020-06-18,Note,4-Year 10-Month,912828ZJ2,Yes,2.78,2258659000,14959452400,17051642600,-0.7660
2020-06-23,Note,2-Year,912828ZX1,No,2.46,14302827500,45799187500,52291638700,0.1930
2020-06-24,Note,1-Year 10-Month,912828ZK9,Yes,3.16,11905950000,19989040000,20000113800,
2020-06-24,Note,5-Year,912828ZW3,No,2.58,10319840000,46985336000,53428398500,0.3300
2020-06-25,Note,7-Year,912828ZV5,No,2.49,8891360000,40997855000,46607737000,0.5110
2020-07-07,Note,3-Year,912828ZY9,No,2.44,14887300000,45882774400,50035625700,0.1900
2020-07-08,Note,9-Year 10-Month,912828ZQ6,Yes,2.62,5708195000,28996179500,31544209100,0.6530
2020-07-09,Bond,29-Year 10-Month,912810SN9,Yes,2.5,3314976600,18997073000,20666899600,1.3300
2020-07-10,Note,4-Year 10-Month,912828ZJ2,Yes,6.31,25000000,25000000,25000000,-0.9510
2020-07-22,Bond,19-Year 10-Month,912810SR0,Yes,2.43,3608780100,16999579200,18931875600,1.0590
2020-07-23,Note,10-Year,912828ZZ6,No,2.24,2480317500,13953053500,15590943600,-0.9300
2020-07-27,Note,5-Year,91282CAB7,No,2.32,14471647500,48971823300,54568288400,0.2880
2020-07-27,Note,2-Year,91282CAC5,No,2.34,18821065000,47836870000,53454745100,0.1550
2020-07-28,Note,7-Year,91282CAD3,No,2.45,8474310000,43998130000,49000106200,0.4460
2020-07-28,Note,2-Year,91282CAA9,No,3.29,7956527000,23979527500,26727449700,
2020-08-11,Note,3-Year,91282CAF8,No,2.44,14689312000,47864336000,76548181000,0.1790
2020-08-12,Note,10-Year,91282CAE1,No,2.41,7533524600,37989294600,60600624700,0.6770
2020-08-13,Bond,30-Year,912810SP4,No,2.14,7354440000,25991895000,41463586800,1.4060
2020-08-19,Bond,20-Year,912810SQ2,No,2.26,6548115000,24999361000,27171851700,1.1850
2020-08-20,Bond,29-Year 6-Month,912810SM1,Yes,2.25,1543293000,6990635000,7608120200,-0.2720
2020-08-25,Note,2-Year,91282CAG6,No,2.78,14312000000,49895360000,54343773700,0.1550
2020-08-26,Note,1-Year 11-Month,91282CAA9,Yes,2.85,10100811500,21990144000,22000228200,
2020-08-26,Note,5-Year,91282CAJ0,No,2.71,9085642000,50980249000,55430929100,0.2980
2020-08-27,Note,7-Year,91282CAH4,No,2.47,7210130000,46991264800,51083075700,0.5190
2020-09-08,Note,3-Year,91282CAK7,No,2.28,18098420000,49870766400,52055619500,0.1700
2020-09-09,Note,9-Year 11-Month,91282CAE1,Yes,2.3,9486894000,34989939300,36438927500,0.7040
2020-09-10,Bond,29-Year 11-Month,912810SP4,Yes,2.31,4902284000,22993399000,23945568700,1.4730
2020-09-15,Bond,19-Year 11-Month,912810SQ2,Yes,2.39,5288860000,21993452100,25011919600,1.2130
2020-09-17,Note,9-Year 10-Month,912828ZZ6,Yes,2.65,1951959000,11980266500,13642870400,-0.9660
2020-09-22,Note,2-Year,91282CAN1,No,2.42,17339073000,51892313000,59119072300,0.1360
2020-09-23,Note,1-Year 10-Month,91282CAA9,Yes,2.88,16356860000,21991860000,22000067700,
2020-09-23,Note,5-Year,91282CAM3,No,2.52,10954195000,52978600000,60256032200,0.2750
2020-09-24,Note,7-Year,91282CAL5,No,2.42,10251610000,49997050000,56845294300,0.4620
2020-10-06,Note,3-Year,91282CAP6,No,2.44,16483670000,51976275000,53454724700,0.1930
2020-10-07,Note,9-Year 10-Month,91282CAE1,Yes,2.47,8023200000,34989282000,35979108800,0.7650
2020-10-08,Bond,29-Year 10-Month,912810SP4,Yes,2.29,5291921000,22996151800,23643373500,1.5780
2020-10-21,Bond,19-Year 10-Month,912810SQ2,Yes,2.43,4720145000,21998494500,24334075500,1.3700
2020-10-22,Note,5-Year,91282CAQ4,No,2.66,2836000000,16953138000,17000006500,-1.3200
2020-10-27,Note,2-Year,91282CAR2,No,2.41,17244627700,53854052700,59729134900,0.1510
2020-10-28,Note,5-Year,91282CAT8,No,2.38,13242905000,54974867500,60835176100,0.3300
2020-10-28,Note,2-Year,91282CAS0,No,3.22,10920655000,25958520000,28758513200,
2020-10-29,Note,7-Year,91282CAU5,No,2.24,13180245000,52997237000,58622976800,0.6000
2020-11-09,Note,3-Year,91282CAW1,No,2.4,25222794000,53864522000,68806998700,0.2500
2020-11-10,Note,10-Year,91282CAV3,No,2.32,13123082500,40974468400,52242273200,0.9600
2020-11-12,Bond,30-Year,912810SS8,No,2.29,5817878000,26986999000,34403465600,1.6800
2020-11-18,Bond,20-Year,912810ST6,No,2.27,6341402000,26998970900,30745714300,1.4220
2020-11-19,Note,9-Year 8-Month,912828ZZ6,Yes,2.71,1695000000,11989498400,13664774800,-0.8670
2020-11-23,Note,5-Year,91282CAZ4,No,2.38,16647300000,56986339000,64907623700,0.3970
2020-11-23,Note,2-Year,91282CAX9,No,2.71,21373712500,55876965500,63769185500,0.1650
2020-11-24,Note,1-Year 11-Month,91282CAS0,Yes,2.9,11291750000,23985750000,24000088500,
2020-11-24,Note,7-Year,91282CAY7,No,2.37,10907025000,55996950000,63768886200,0.6530
2020-12-08,Note,3-Year,91282CBA8,No,2.28,19513281000,55948886000,58385320100,0.2110
2020-12-09,Note,9-Year 11-Month,91282CAV3,Yes,2.33,8734669000,37994217000,39618559500,0.9510
2020-12-10,Bond,29-Year 11-Month,912810SS8,Yes,2.48,4166000000,23997277300,25022244200,1.6650
2020-12-21,Bond,19-Year 11-Month,912810ST6,Yes,2.39,6247706000,23999443700,27651539800,1.4700
2020-12-22,Note,4-Year 10-Month,91282CAQ4,Yes,2.86,4062000000,14981191200,17282300500,-1.5750
2020-12-23,Note,1-Year 10-Month,91282CAS0,Yes,2.83,11775214000,23984219000,24000105200,
2020-12-28,Note,5-Year,91282CBC4,No,2.39,14699600000,58980979600,67976554900,0.3940
2020-12-28,Note,2-Year,91282CBD2,No,2.45,19261632500,57875597500,66824414100,0.1370
2020-12-29,Note,7-Year,91282CBB6,No,2.31,13384682000,58994289400,67976515100,0.6620
2021-01-11,Note,3-Year,91282CBE0,No,2.52,19230710000,57876000000,63830661800,0.2340
2021-01-12,Note,9-Year 10-Month,91282CAV3,Yes,2.47,7593650000,37991685000,41819991000,1.1640
2021-01-13,Bond,29-Year 10-Month,912810SS8,Yes,2.47,3396744500,23996512600,26412625300,1.8250
2021-01-20,Bond,19-Year 10-Month,912810ST6,Yes,2.28,6178816000,23997476000,27243816900,1.6570
2021-01-21,Note,10-Year,91282CBF7,No,2.68,2642540000,14954043300,15000041500,-0.9870
2021-01-25,Note,2-Year,91282CBG5,No,2.67,16582176000,59789059000,68109489600,0.1250
2021-01-26,Note,5-Year,91282CBH3,No,2.34,15460420000,60970515000,69244750400,0.4240
2021-01-27,Note,2-Year,91282CBK6,No,2.82,13096210000,27974737500,31784496000,
2021-01-28,Note,7-Year,91282CBJ9,No,2.3,12161487500,61994272000,70379843400,0.7540
2021-02-09,Note,3-Year,91282CBM2,No,2.39,18059920000,57857920000,79041210600,0.1960
2021-02-10,Note,10-Year,91282CBL4,No,2.37,8387105000,40976823200,55873973800,1.1550
2021-02-11,Bond,30-Year,912810SU3,No,2.18,5992955200,26989315200,36795047400,1.9330
2021-02-17,Bond,20-Year,912810SW9,No,2.15,7851713000,26996535500,32849044800,1.9200
2021-02-18,Bond,30-Year,912810SV1,No,2.31,1545315000,8976926000,9000019900,-0.0400
2021-02-23,Note,2-Year,91282CBN0,No,2.44,18313622500,59682313300,72997992300,0.1190
2021-02-24,Note,5-Year,91282CBQ3,No,2.24,17417705000,60974980000,74214501500,0.6210
2021-02-24,Note,1-Year 11-Month,91282CBK6,Yes,2.88,10201752000,25987360000,26000444500,
2021-02-25,Note,7-Year,91282CBP5,No,2.04,24678990000,61989770000,75431149700,1.1950
2021-03-09,Note,3-Year,91282CBR1,No,2.69,19669837500,57869787000,61595110800,0.3550
2021-03-10,Note,9-Year 11-Month,91282CBL4,Yes,2.38,9649528500,37966272200,40355061500,1.5230
2021-03-11,Bond,29-Year 11-Month,912810SU3,Yes,2.28,4609756000,23994280000,25487401400,2.2950
2021-03-16,Bond,19-Year 11-Month,912810SW9,Yes,2.51,5174537500,23997803700,28309707400,2.2900
2021-03-18,Note,9-Year 10-Month,91282CBF7,Yes,2.42,1396077000,12980608000,15334433800,-0.5800
2021-03-23,Note,2-Year,91282CBU4,No,2.54,18972725000,59795900800,70774350800,0.1520
2021-03-24,Note,5-Year,91282CBT7,No,2.36,15422997500,60945407500,71953839200,0.8500
2021-03-24,Note,1-Year 10-Month,91282CBK6,Yes,3.25,8332612500,25985087500,26000046400,
2021-03-25,Note,7-Year,91282CBS9,No,2.23,15316240000,61938581000,73133436200,1.3000
2021-04-12,Note,9-Year 10-Month,91282CBL4,Yes,2.36,9185753000,37986519600,43833656700,1.6800
2021-04-12,Note,3-Year,91282CBV2,No,2.32,19131710000,57742558400,66904057600,0.3760
2021-04-13,Bond,29-Year 10-Month,912810SU3,Yes,2.47,4101400000,23993018000,27684435400,2.3200
2021-04-21,Bond,19-Year 10-Month,912810SW9,Yes,2.42,5060548000,23995619000,28583344600,2.1440
2021-04-22,Note,5-Year,91282CCA7,No,2.5,2346305000,17911104000,21437543400,-1.6310
2021-04-26,Note,5-Year,91282CBW0,No,2.31,14948070000,60852802000,72649342300,0.8490
2021-04-26,Note,2-Year,91282CBX8,No,2.34,22649525000,59711305000,71458424100,0.1750
2021-04-27,Note,2-Year,91282CBY6,No,2.91,10278880000,27969820000,33347241700,
2021-04-27,Note,7-Year,91282CBZ3,No,2.31,13838775000,61976072000,73840305800,1.3060
2021-05-11,Note,3-Year,91282CCC3,No,2.42,18665234000,57851534000,88769313900,0.3290
2021-05-12,Note,10-Year,91282CCB5,No,2.45,7984229000,40960994000,62750698000,1.6840
2021-05-13,Bond,30-Year,912810SX7,No,2.22,5411506700,26989331700,41323641800,2.3950
2021-05-19,Bond,20-Year,912810SY5,No,2.24,6411342500,26994852500,32240706100,2.2860
2021-05-20,Note,9-Year 8-Month,91282CBF7,Yes,2.5,2018358000,12983118000,13000023000,-0.8050
2021-05-25,Note,2-Year,91282CCD1,No,2.74,14896020000,59794745000,71646038200,0.1520
2021-05-26,Note,5-Year,91282CCF6,No,2.49,12648000000,60861800400,72840141200,0.7880
2021-05-26,Note,1-Year 11-Month,91282CBY6,Yes,3.03,10260750000,25974237500,26000143500,
2021-05-27,Note,7-Year,91282CCE9,No,2.41,12228762500,61978474500,74034259400,1.2850
2021-06-08,Note,3-Year,91282CCG4,No,2.47,15968925000,57961361600,63332231400,0.3250
2021-06-09,Note,9-Year 11-Month,91282CCB5,Yes,2.58,5973472500,37989945700,41493489400,1.4970
2021-06-10,Bond,29-Year 11-Month,912810SX7,Yes,2.29,4313726500,23996814500,26206402700,2.1720
2021-06-15,Bond,19-Year 11-Month,912810SY5,Yes,2.4,4206447500,23996113900,27643030700,2.1200
2021-06-17,Note,4-Year 10-Month,91282CCA7,Yes,2.67,757032500,15963858500,18428822600,-1.4160
2021-06-22,Note,2-Year,91282CCK5,No,2.54,18495300000,59890423500,69107625300,0.2490
2021-06-23,Note,1-Year 10-Month,91282CBY6,Yes,3.23,8269895000,25988842100,26000348200,
2021-06-23,Note,5-Year,91282CCJ8,No,2.36,14807700000,60967054400,70259297300,0.9040
2021-06-24,Note,7-Year,91282CCH2,No,2.36,11584815000,61982078000,71411089100,1.2640
2021-07-12,Note,9-Year 10-Month,91282CCB5,Yes,2.39,7233000000,37990493300,44255708800,1.3710
2021-07-12,Note,3-Year,91282CCL3,No,2.41,16549666000,57962031000,67548183300,0.4260
2021-07-13,Bond,29-Year 10-Month,912810SX7,Yes,2.19,5347580800,23998547300,27950950000,2.0000
2021-07-21,Bond,19-Year 10-Month,912810SY5,Yes,2.33,5017129600,23998663600,26298329200,1.8900
2021-07-22,Note,10-Year,91282CCM1,No,2.5,2285620000,15970325400,16000086600,-1.0160
2021-07-26,Note,2-Year,91282CCN9,No,2.47,15506882500,59682552500,65745819700,0.2130
2021-07-27,Note,5-Year,91282CCP4,No,2.36,14731250000,60929303000,66841604300,0.7100
2021-07-28,Note,2-Year,91282CCQ2,No,3.04,7568415000,27979650000,30681581600,
2021-07-29,Note,7-Year,91282CCR0,No,2.23,13751280400,61991100400,67937363800,1.0500
2021-08-10,Note,3-Year,91282CCT6,No,2.54,15164810000,57952470300,83876214400,0.4650
2021-08-11,Note,10-Year,91282CCS8,No,2.65,3947671400,40984628800,59291870300,1.3400
2021-08-12,Bond,30-Year,912810SZ2,No,2.21,4953777300,26997292300,39045825200,2.0400
2021-08-18,Bond,20-Year,912810TA6,No,2.44,5135985000,26998711800,30392375200,1.8500
2021-08-19,Bond,29-Year 6-Month,912810SV1,Yes,2.34,1017000000,7994305500,9005135100,-0.2920
2021-08-24,Note,2-Year,91282CCU3,No,2.65,10950597500,59912499300,67538628300,0.2420
2021-08-25,Note,5-Year,91282CCW9,No,2.35,12049902500,60962612600,68664203000,0.8310
2021-08-25,Note,1-Year 11-Month,91282CCQ2,Yes,3.17,7695000000,25986947200,26000630600,
2021-08-26,Note,7-Year,91282CCV1,No,2.34,12444302500,61985937500,69789802900,1.1550
2021-09-07,Note,3-Year,91282CCX7,No,2.45,14121280000,57956330000,64176071300,0.4470
2021-09-08,Note,9-Year 11-Month,91282CCS8,Yes,2.59,4682000000,37991230000,42046369700,1.3380
2021-09-09,Bond,29-Year 11-Month,912810SZ2,Yes,2.49,3139591000,23998388300,26555612000,1.9100
2021-09-21,Bond,19-Year 11-Month,912810TA6,Yes,2.36,4052346000,23999023000,26890418900,1.7950
2021-09-22,Note,1-Year 10-Month,91282CCQ2,Yes,2.84,11103485000,25982680000,26000034600,
2021-09-23,Note,9-Year 10-Month,91282CCM1,Yes,2.55,1775000000,13986580000,15686082900,-0.9390
2021-09-27,Note,5-Year,91282CCZ2,No,2.37,15529240000,60956028000,68346508900,0.9900
2021-09-27,Note,2-Year,91282CDA6,No,2.28,19761960000,59906153000,67226031500,0.3100
2021-09-28,Note,7-Year,91282CCY5,No,2.24,11770891000,61976716000,69466897600,1.3320
2021-10-12,Note,3-Year,91282CDB4,No,2.36,21310005000,57751703700,62364041500,0.6350
2021-10-12,Note,9-Year 10-Month,91282CCS8,Yes,2.58,4256000000,37982884300,40859190800,1.5840
2021-10-13,Bond,29-Year 10-Month,912810SZ2,Yes,2.36,2948000000,23996214400,25805823000,2.0490
2021-10-20,Bond,19-Year 10-Month,912810TA6,Yes,2.25,4694380000,23993770400,26439990100,2.1000
2021-10-21,Note,5-Year,91282CDC2,No,2.45,1160000000,18942742100,19000103200,-1.6850
2021-10-26,Note,2-Year,91282CDD0,No,2.69,11694000000,59802980200,66099945100,0.4810
2021-10-27,Note,5-Year,91282CDG3,No,2.55,10864080000,60856788400,67201668600,1.1570
2021-10-27,Note,2-Year,91282CDE8,No,2.99,9542300000,27969875000,30846849000,
2021-10-28,Note,7-Year,91282CDF5,No,2.25,10267740000,61980820000,68303284400,1.4610
2021-11-08,Note,3-Year,91282CDH1,No,2.33,13580390000,55799030000,88393596100,0.7500
2021-11-09,Note,10-Year,91282CDJ7,No,2.35,5919555000,38978888200,61559787100,1.4440
2021-11-10,Bond,30-Year,912810TB4,No,2.2,6305384000,24996054000,39461425700,1.9400
2021-11-17,Bond,20-Year,912810TC2,No,2.34,4700360000,22997792000,24895749600,2.0650
2021-11-18,Note,9-Year 8-Month,91282CCM1,Yes,2.43,1426514000,13985622100,15153946400,-1.1450
2021-11-22,Note,2-Year,91282CDM0,No,2.36,21523445000,57840525000,62780583800,0.6230
2021-11-22,Note,5-Year,91282CDK4,No,2.34,15830300000,58883726000,63863050800,1.3190
2021-11-23,Note,1-Year 11-Month,91282CDE8,Yes,2.8,5071025000,23965025000,24000063100,
2021-11-23,Note,7-Year,91282CDL2,No,2.42,10277354000,58977844400,63862990700,1.5880
2021-12-02,Bond,19-Year 11-Month,912810TC2,Yes,2.92,25000100,25000100,25000100,1.8720
2021-12-07,Note,3-Year,91282CDN8,No,2.43,16040726000,53801326000,61962809400,1.0000
2021-12-08,Note,9-Year 11-Month,91282CDJ7,Yes,2.43,4809155000,35983170000,41308393200,1.5180
2021-12-09,Bond,29-Year 11-Month,912810TB4,Yes,2.22,4555785000,21997290000,25244019100,1.8950
2021-12-21,Bond,19-Year 11-Month,912810TC2,Yes,2.59,2868000000,19998115000,22717275700,1.9420
2021-12-22,Note,4-Year 10-Month,91282CDC2,Yes,2.42,2370245000,16951667800,19309655800,-1.5080
2021-12-27,Note,2-Year,91282CDR9,No,2.55,13498860000,55729046300,63608352900,0.7690
2021-12-28,Note,5-Year,91282CDQ1,No,2.41,11402297500,56962248500,64744045600,1.2630
2021-12-29,Note,1-Year 10-Month,91282CDE8,Yes,4.03,7992027000,23982036400,27261069200,
2021-12-29,Note,7-Year,91282CDP3,No,2.21,11922390000,55989175000,63608177100,1.4800
2022-01-11,Note,3-Year,91282CDS7,No,2.47,11853850000,51896683000,60343434900,1.2370
2022-01-12,Note,9-Year 10-Month,91282CDJ7,Yes,2.51,5977970000,35992396200,41776170100,1.7230
2022-01-13,Bond,29-Year 10-Month,912810TB4,Yes,2.35,3948099500,21997657500,25529881900,2.0750
2022-01-19,Bond,19-Year 10-Month,912810TC2,Yes,2.48,3350196500,19998247200,22989260500,2.2100
2022-01-20,Note,10-Year,91282CDX6,No,2.3,2388678000,15951431500,18391416900,-0.5400
2022-01-24,Note,2-Year,91282CDV0,No,2.81,13207128000,53665608000,62071266800,0.9900
2022-01-25,Note,5-Year,912828Z78,Yes,2.5,8133150000,54946015000,63220529200,1.5330
2022-01-26,Note,2-Year,91282CDU2,No,3.34,6353760000,25951865000,29886042100,
2022-01-27,Note,7-Year,91282CDW8,No,2.36,7677362500,52976471700,60921526900,1.7690
2022-02-08,Note,3-Year,91282CDZ1,No,2.45,10113355000,49803033900,80248121000,1.5920
2022-02-09,Note,10-Year,91282CDY4,No,2.68,2752472000,36977598400,59383597100,1.9040
2022-02-10,Bond,30-Year,912810TD0,No,2.3,3287463000,22996924400,36914133100,2.3400
2022-02-16,Bond,20-Year,912810TF5,No,2.44,3060030000,18993522000,22255007600,2.3960
2022-02-17,Bond,30-Year,912810TE8,No,2.17,1820400000,8986020000,10541851400,0.1950
2022-02-22,Note,2-Year,91282CEA5,No,2.64,8088835000,51690563000,60908420100,1.5530
2022-02-23,Note,1-Year 11-Month,91282CDU2,Yes,3.22,5975690000,21971075000,22000223000,
2022-02-23,Note,5-Year,91282CEC1,No,2.49,7282514900,52926360900,62079759100,1.8800
2022-02-24,Note,7-Year,91282CEB3,No,2.36,6160120000,49985494800,58565810800,1.9050
2022-03-08,Note,3-Year,91282CED9,No,2.39,12581642500,47816992500,56065009400,1.7750
2022-03-09,Note,9-Year 11-Month,91282CDY4,Yes,2.47,4670532000,33991365000,39712689300,1.9200
2022-03-10,Bond,29-Year 11-Month,912810TD0,Yes,2.46,2411321000,19995810500,23360394000,2.3750
2022-03-23,Note,1-Year 10-Month,91282CDU2,Yes,3.75,5212375000,21940770000,22000552700,
2022-03-23,Bond,19-Year 11-Month,912810TF5,Yes,2.72,1533000000,15993546300,18978623300,2.6510
2022-03-24,Note,9-Year 10-Month,91282CDX6,Yes,2.43,1483047000,13972685000,16606322800,-0.5890
2022-03-28,Note,5-Year,91282CEF4,No,2.53,10212000000,50923260900,60494406000,2.5430
2022-03-28,Note,2-Year,91282CEG2,No,2.46,9554645000,49186880000,59308206800,2.3650
2022-03-29,Note,7-Year,91282CEE7,No,2.44,4940522500,46981439500,55749674800,2.4990
2022-04-11,Note,3-Year,91282CEH0,No,2.48,13208395000,45557551100,56973107400,2.7380
2022-04-12,Note,9-Year 10-Month,91282CDY4,Yes,2.43,6341930000,33990122000,42110578600,2.7200
2022-04-13,Bond,29-Year 10-Month,912810TD0,Yes,2.3,3172481000,19995400600,24770919400,2.8150
2022-04-20,Bond,19-Year 10-Month,912810TF5,Yes,2.8,1397998000,15991717700,18218454400,3.0950
2022-04-21,Note,5-Year,91282CEJ6,No,2.73,1295000000,19868575700,20000220100,-0.3400
2022-04-26,Note,2-Year,91282CEK3,No,2.74,5925550000,47034301300,54655193600,2.5850
2022-04-27,Note,5-Year,91282CEN7,No,2.41,8060464000,48795541400,55793844000,2.7850
2022-04-27,Note,2-Year,91282CEL1,No,2.51,11883770000,23938470000,27327613900,
2022-04-28,Note,7-Year,91282CEM9,No,2.41,6694743000,43979363000,50100607600,2.9080
2022-05-10,Note,3-Year,91282CEQ0,No,2.59,8935800000,44663736000,76492768400,2.8090
2022-05-11,Note,10-Year,91282CEP2,No,2.49,4132000000,35949055600,61194142100,2.9430
2022-05-12,Bond,30-Year,912810TG3,No,2.38,3021000000,21985717700,37396398800,2.9970
2022-05-18,Bond,20-Year,912810TH1,No,2.5,2208632500,16988406000,19555763900,3.2900
2022-05-19,Note,9-Year 8-Month,91282CDX6,Yes,2.24,2493677500,13968922500,16104716300,0.2320
2022-05-24,Note,2-Year,91282CER8,No,2.61,7096680000,46222751600,54065998700,2.5190
2022-05-25,Note,5-Year,91282CET4,No,2.44,8143440000,47789053400,55216217500,2.7360
2022-05-25,Note,1-Year 11-Month,91282CEL1,Yes,3.22,4904591000,21974717000,22000711400,
2022-05-26,Note,7-Year,91282CES6,No,2.69,2677000000,41982995000,48314150600,2.7770
2022-06-07,Note,3-Year,91282CEU1,No,2.45,10867545000,43625747800,46587278700,2.9270
2022-06-08,Note,9-Year 11-Month,91282CEP2,Yes,2.41,5619095000,32980790000,34940394200,3.0300
2022-06-09,Bond,29-Year 11-Month,912810TG3,Yes,2.35,2675000000,18995835000,20117204100,3.1850
2022-06-22,Note,1-Year 10-Month,91282CEL1,Yes,3.49,5683000000,21930240000,22000422500,
2022-06-22,Bond,19-Year 11-Month,912810TH1,Yes,2.6,1728000000,13987507000,15069995600,3.4880
2022-06-23,Note,4-Year 10-Month,91282CEJ6,Yes,2.61,1212000000,17862291000,19375711400,0.3620
2022-06-27,Note,2-Year,91282CEX5,No,2.51,10486322500,45115298500,49515934000,3.0840
2022-06-27,Note,5-Year,91282CEW7,No,2.28,11173600000,46888035000,50592129800,3.2710
2022-06-28,Note,7-Year,91282CEV9,No,2.48,7086765000,39973204000,43057150400,3.2800
2022-07-11,Note,3-Year,91282CEY3,No,2.43,8668240000,42740347400,48480681900,3.0930
2022-07-12,Note,9-Year 10-Month,91282CEP2,Yes,2.34,6827870000,32988390000,37206110400,2.9600
2022-07-13,Bond,29-Year 10-Month,912810TG3,Yes,2.44,1988000000,18997865100,21421698300,3.1150
2022-07-14,Note,1-Year 10-Month,91282CEL1,Yes,5.32,25000000,25000000,25000000,
2022-07-20,Bond,19-Year 10-Month,912810TH1,Yes,2.65,1110241400,13980661700,15214669000,3.4200
2022-07-21,Note,10-Year,91282CEZ0,No,2.18,2679726500,16913863500,17000000400,0.6300
2022-07-25,Note,2-Year,91282CFA4,No,2.58,7941490000,44253657400,48904336300,3.0150
2022-07-26,Note,5-Year,91282CFB2,No,2.46,7722335000,45932955000,49991086600,2.8600
2022-07-27,Note,2-Year,91282CFD8,No,3.13,7075525000,23976282600,26082304300,
2022-07-28,Note,7-Year,91282CFC0,No,2.6,4037280000,37986148000,41297000800,2.7300
2022-08-09,Note,3-Year,91282CFE6,No,2.5,8191625000,41704680000,68564317600,3.2020
2022-08-10,Note,10-Year,91282CFF3,No,2.53,3469593000,34972143000,57136938400,2.7550
2022-08-11,Bond,30-Year,912810TJ7,No,2.31,2275000000,20991551000,34282158900,3.1060
2022-08-17,Bond,20-Year,912810TK4,No,2.3,2202984000,14975804000,16952881200,3.3800
2022-08-18,Bond,29-Year 6-Month,912810TE8,Yes,2.69,885625000,7993466300,9041546900,0.9200
2022-08-23,Note,2-Year,91282CFG1,No,2.49,9878580000,43039847000,49728465100,3.3070
2022-08-24,Note,1-Year 11-Month,91282CFD8,Yes,2.57,9234290000,21960190000,22000011500,
2022-08-24,Note,5-Year,91282CFH9,No,2.3,9251960000,44899090000,50858640200,3.2300
2022-08-25,Note,7-Year,91282CFJ5,No,2.65,3174403000,36980452100,41817126000,3.1300
2022-09-12,Note,9-Year 11-Month,91282CFF3,Yes,2.37,6336744000,31981829000,32000010400,3.3300
2022-09-12,Note,3-Year,91282CFK2,No,2.49,9627585000,40791578000,41000013000,3.5640
2022-09-13,Bond,29-Year 11-Month,912810TJ7,Yes,2.42,1952911900,17996633400,18000009800,3.5110
2022-09-20,Bond,19-Year 11-Month,912810TK4,Yes,2.65,966529000,11989480000,12000023100,3.8200
2022-09-22,Note,9-Year 10-Month,91282CEZ0,Yes,2.54,1179000000,14951115000,15000099700,1.2480
2022-09-26,Note,2-Year,91282CFN6,No,2.51,9133651500,41136040500,43000123700,4.2900
2022-09-27,Note,5-Year,91282CFM8,No,2.27,9514000000,43805510000,44000107900,4.2280
2022-09-28,Note,1-Year 10-Month,91282CFD8,Yes,2.84,7495840000,21966440000,22000029100,
2022-09-28,Note,7-Year,91282CFL0,No,2.57,4618000000,35947089000,36000003600,3.8980
2022-10-11,Note,3-Year,91282CFP1,No,2.57,10685170000,39502040000,40000009700,4.3180
2022-10-12,Note,9-Year 10-Month,91282CFF3,Yes,2.34,6300632500,31985066500,32000029600,3.9300
2022-10-13,Bond,29-Year 10-Month,912810TJ7,Yes,2.39,2198950000,17990969000,18000001400,3.9300
2022-10-19,Bond,19-Year 10-Month,912810TK4,Yes,2.5,1966430000,11965293000,12000010800,4.3950
2022-10-20,Note,5-Year,91282CFR7,No,2.38,1604815500,20743965500,21000000000,1.7320
2022-10-25,Note,2-Year,91282CFQ9,No,2.59,9812941000,40527786000,42000045400,4.4600
2022-10-26,Note,5-Year,91282CFU0,No,2.48,7042830000,42777382000,43000006400,4.1920
2022-10-26,Note,2-Year,91282CFS5,No,2.65,6212112500,23957062500,24000072400,
2022-10-27,Note,7-Year,91282CFT3,No,2.43,4933492500,34956232800,35000027000,4.0270
2022-11-08,Note,3-Year,91282CFW6,No,2.57,8188975000,39411710000,54027076300,4.6050
2022-11-09,Note,10-Year,91282CFV8,No,2.23,8520247500,34879130000,47273701400,4.1400
2022-11-10,Bond,30-Year,912810TL2,No,2.42,2030932000,20964791200,28364253300,4.0800
2022-11-16,Bond,20-Year,912810TM0,No,2.64,1378000000,14897800100,16630739200,4.0720
2022-11-17,Note,9-Year 8-Month,91282CEZ0,Yes,2.25,1416742000,14962102000,16630747900,1.4850
2022-11-21,Note,5-Year,91282CFZ9,No,2.39,6457253000,42854513600,47674762400,3.9740
2022-11-21,Note,2-Year,91282CFX4,No,2.64,8441050000,40926642500,46566125200,4.5050
2022-11-22,Note,1-Year 11-Month,91282CFS5,Yes,2.45,11339915000,21930915000,22000102000,
2022-11-22,Note,7-Year,91282CFY2,No,2.33,7465736000,34961096000,38805040100,3.8900
2022-12-12,Note,3-Year,91282CGA3,No,2.55,7060000000,39545800000,40000047800,4.0930
2022-12-12,Note,9-Year 11-Month,91282CFV8,Yes,2.31,6984090000,31952660000,32000004400,3.6250
2022-12-13,Bond,29-Year 11-Month,912810TL2,Yes,2.25,2756104000,17977779200,18000021400,3.5130
2022-12-21,Bond,19-Year 11-Month,912810TM0,Yes,2.68,1037415000,11940441500,12000000800,3.9350
2022-12-22,Note,4-Year 10-Month,91282CFR7,Yes,2.51,1533247500,18829737500,19000000300,1.5040
2022-12-27,Note,2-Year,91282CGD7,No,2.71,7846000000,41144126000,42000043000,4.3730
2022-12-28,Note,1-Year 10-Month,91282CFS5,Yes,3.4,8440000000,21966939000,22000190300,
2022-12-28,Note,5-Year,91282CGC9,No,2.46,7253180000,42861166900,43000018900,3.9730
2022-12-29,Note,7-Year,91282CGB1,No,2.45,5505060000,34946725000,35000010200,3.9210
2023-01-10,Note,3-Year,91282CGE5,No,2.84,6877000000,39795840000,40000009200,3.9770
2023-01-11,Note,9-Year 10-Month,91282CFV8,Yes,2.53,4816000000,31971531000,32000033900,3.5750
2023-01-12,Bond,29-Year 10-Month,912810TL2,Yes,2.45,1626132000,17986672000,18000040700,3.5850
2023-01-18,Bond,19-Year 10-Month,912810TM0,Yes,2.83,975000000,11980222300,12000004700,3.6780
2023-01-19,Note,10-Year,91282CGK1,No,2.79,1285000000,16908854100,17000139300,1.2200
2023-01-24,Note,2-Year,91282CGG0,No,2.94,6737000000,41380365000,42000002800,4.1390
2023-01-25,Note,5-Year,91282CGH8,No,2.64,3783229000,42888479000,43000012400,3.5300
2023-01-25,Note,2-Year,91282CGF2,No,2.8,7792840000,23955925000,24000111300,
2023-01-26,Note,7-Year,91282CGJ4,No,2.69,2138250000,34962200000,35000009400,3.5170
2023-02-07,Note,3-Year,91282CGL9,No,2.33,7898050000,39717991000,55631649500,4.0730
2023-02-08,Note,10-Year,91282CGM7,No,2.66,1870000000,34884868400,48677914400,3.6130
2023-02-09,Bond,30-Year,912810TN8,No,2.25,3324655000,20982385000,29206565300,3.6860
2023-02-15,Bond,20-Year,912810TQ1,No,2.54,1005945000,14957677000,18408094800,3.9770
2023-02-16,Bond,30-Year,912810TP3,No,2.38,885856000,8975589000,11044841300,1.5500
2023-02-21,Note,2-Year,91282CGN5,No,2.61,6185000000,41323938100,51542599200,4.6730
2023-02-22,Note,1-Year 11-Month,91282CGF2,Yes,3.29,6768137000,21972190000,22000160900,
2023-02-22,Note,5-Year,91282CGP0,No,2.48,4722000000,42848281500,52769839400,4.1090
2023-02-23,Note,7-Year,91282CGQ8,No,2.49,4792140000,34960939000,42952149500,4.0620
2023-03-07,Note,3-Year,91282CGR6,No,2.73,6696840000,39774711000,40000003600,4.6350
2023-03-08,Note,9-Year 11-Month,91282CGM7,Yes,2.35,5666940000,31963511800,32000042400,3.9850
2023-03-09,Bond,29-Year 11-Month,912810TN8,Yes,2.35,1700330000,17995635000,18000000000,3.8770
2023-03-21,Bond,19-Year 11-Month,912810TQ1,Yes,2.53,1425000000,11963995000,12000001600,3.9090
2023-03-23,Note,9-Year 10-Month,91282CGK1,Yes,2.28,1634095000,14970090000,15000005800,1.1820
2023-03-27,Note,2-Year,91282CGU9,No,2.44,9543450000,41437725000,42000018600,3.9540
2023-03-28,Note,5-Year,91282CGT2,No,2.48,5718587000,42900891500,43000054200,3.6650
2023-03-29,Note,7-Year,91282CGS4,No,2.39,5381730000,34952646300,35000010400,3.6260
2023-03-29,Note,1-Year 10-Month,91282CGF2,Yes,3.51,6969280000,21973880000,22000134800,
2023-04-11,Note,3-Year,91282CGV7,No,2.59,7047714000,39847606000,42557489100,3.8100
2023-04-12,Note,9-Year 10-Month,91282CGM7,Yes,2.36,5477215000,31949495000,34046008600,3.4550
2023-04-13,Bond,29-Year 10-Month,912810TN8,Yes,2.36,1993095000,17979393200,19150871600,3.6610
2023-04-19,Bond,19-Year 10-Month,912810TQ1,Yes,2.66,1440810000,11960168000,13171112900,3.9200
2023-04-20,Note,5-Year,91282CGW5,No,2.34,2125598000,20822228000,21000049400,1.3200
2023-04-25,Note,2-Year,91282CGX3,No,2.68,7878580000,41610110000,46098902200,3.9690
2023-04-26,Note,2-Year,91282CGY1,No,3.04,6980550000,23940550000,26342256900,
2023-04-26,Note,5-Year,91282CHA2,No,2.54,5853000000,42915960000,47196460700,3.5000
2023-04-27,Note,7-Year,91282CGZ8,No,2.41,5178682500,34963362500,38415712700,3.5630
2023-05-09,Note,3-Year,91282CHB0,No,2.93,5180892000,39890554500,50897713300,3.6950
2023-05-10,Note,10-Year,91282CHC8,No,2.45,4559215000,34950234000,44535597500,3.4480
2023-05-11,Bond,30-Year,912810TR9,No,2.43,2141000000,20971305000,26721295900,3.7410
2023-05-17,Bond,20-Year,912810TS7,No,2.56,1687000000,14922117000,17816959200,3.9540
2023-05-18,Note,9-Year 8-Month,91282CGK1,Yes,2.31,1155000000,14975177400,17816978800,1.3950
2023-05-23,Note,2-Year,91282CHD6,No,2.9,6743954000,41665843300,49887600600,4.3000
2023-05-24,Note,5-Year,91282CHE4,No,2.58,4007125000,42920796300,51075301400,3.7490
2023-05-24,Note,1-Year 11-Month,91282CGY1,Yes,2.88,5957046000,21971450000,22000063100,
2023-05-25,Note,7-Year,91282CHF1,No,2.61,3641990000,34967519600,41573013500,3.8270
2023-06-12,Note,9-Year 11-Month,91282CHC8,Yes,2.36,5691610000,31981695000,32000009600,3.7910
2023-06-12,Note,3-Year,91282CHH7,No,2.7,6676000000,39884564200,40000073800,4.2020
2023-06-13,Bond,29-Year 11-Month,912810TR9,Yes,2.52,1611487500,17994584600,18000018100,3.9080
2023-06-21,Bond,19-Year 11-Month,912810TS7,Yes,2.87,932746000,11968954800,12000004400,4.0100
2023-06-22,Note,4-Year 10-Month,91282CGW5,Yes,2.56,732000000,18913942100,19000123900,1.8320
2023-06-26,Note,2-Year,91282CHL8,No,2.86,5540938000,41536569000,42000044500,4.6700
2023-06-27,Note,5-Year,91282CHK0,No,2.52,5238260000,42898324900,43000072100,4.0190
2023-06-28,Note,1-Year 10-Month,91282CGY1,Yes,3.39,8555000000,21973750000,22000084700,
2023-06-28,Note,7-Year,91282CHJ3,No,2.65,2846000000,34969185800,35000007900,3.8390
2023-07-11,Note,3-Year,91282CHM6,No,2.88,4272000000,39633005100,40000012600,4.5340
2023-07-12,Note,9-Year 10-Month,91282CHC8,Yes,2.53,3961265000,31963359600,32000010200,3.8570
2023-07-13,Bond,29-Year 10-Month,912810TR9,Yes,2.43,1951620000,17983945000,18000002300,3.9100
2023-07-19,Bond,19-Year 10-Month,912810TS7,Yes,2.68,1131725000,11827793000,12000005400,4.0360
2023-07-20,Note,10-Year,91282CHP9,No,2.51,250000000,16818785400,17000032200,1.4950
2023-07-24,Note,2-Year,91282CHN4,No,2.78,5688640000,41253110000,42000109600,4.8230
2023-07-25,Note,5-Year,91282CHQ7,No,2.6,5786900000,42889723800,43000047900,4.1700
2023-07-26,Note,2-Year,91282CHS3,No,2.58,11140070000,23841350000,24000083600,
2023-07-27,Note,7-Year,91282CHR5,No,2.48,5011810100,34951525100,35000002700,4.0870
2023-08-08,Note,3-Year,91282CHU8,No,2.9,4286560000,41499634100,57712800900,4.3980
2023-08-09,Note,10-Year,91282CHT1,No,2.56,3599155500,37866146900,52216310300,3.9990
2023-08-10,Bond,30-Year,912810TT5,No,2.42,2875537500,22955401500,31604606400,4.1890
2023-08-23,Note,1-Year 11-Month,91282CHS3,Yes,2.42,14921080000,23954161000,24000038100,
2023-08-23,Bond,20-Year,912810TU2,No,2.56,1802980000,15885025000,17662322300,4.4990
2023-08-24,Bond,29-Year 6-Month,912810TP3,Yes,2.42,341025000,7973105000,8831162400,1.9700
2023-08-28,Note,5-Year,91282CHX2,No,2.54,6332040000,45794512100,50779277000,4.4000
2023-08-28,Note,2-Year,91282CHV6,No,2.94,6614140000,44147021300,49675357100,5.0240
2023-08-29,Note,7-Year,91282CHW4,No,2.66,3512000000,35931827500,39740231100,4.2120
2023-09-11,Note,3-Year,91282CHY0,No,2.75,8845124500,43673039500,44000032600,4.6600
2023-09-12,Note,9-Year 11-Month,91282CHT1,Yes,2.52,4808000000,34921465200,35000041700,4.2890
2023-09-13,Bond,29-Year 11-Month,912810TT5,Yes,2.46,3152900000,19984111000,20000007500,4.3450
2023-09-19,Bond,19-Year 11-Month,912810TU2,Yes,2.74,1200285000,12943305000,13000007300,4.5920
2023-09-21,Note,9-Year 10-Month,91282CHP9,Yes,2.44,1013287500,14937082500,15000019800,2.0940
2023-09-26,Note,2-Year,91282CJB8,No,2.73,6597584500,47170608500,48000137800,5.0850
2023-09-27,Note,1-Year 10-Month,91282CHS3,Yes,3.42,7813812500,23991135000,24000208400,
2023-09-27,Note,5-Year,91282CJA0,No,2.52,5483000000,48823560500,49000049600,4.6590
2023-09-28,Note,7-Year,91282CHZ7,No,2.47,5387712500,36908724400,37000026500,4.6730
2023-10-10,Note,3-Year,91282CJC6,No,2.56,10113800000,45786940000,46000008300,4.7400
2023-10-11,Note,9-Year 10-Month,91282CHT1,Yes,2.5,6546677800,34915937800,35000052400,4.6100
2023-10-12,Bond,29-Year 10-Month,912810TT5,Yes,2.35,3628070000,19968020000,20000002800,4.8370
2023-10-18,Bond,19-Year 10-Month,912810TU2,Yes,2.59,1540912500,12912887000,13000016300,5.2450
2023-10-19,Note,5-Year,91282CJH5,No,2.36,2011357500,21851656800,22000048900,2.4400
2023-10-24,Note,2-Year,91282CJE2,No,2.64,8872515000,50334877100,51000026900,5.0550
2023-10-25,Note,5-Year,91282CJF9,No,2.36,10050000000,51790231000,52000027800,4.8990
2023-10-25,Note,2-Year,91282CJD4,No,3.23,7326180000,25974508000,26000037300,
2023-10-26,Note,7-Year,91282CJG7,No,2.7,4145000000,37746850000,38000032300,4.9080
2023-11-07,Note,3-Year,91282CJK8,No,2.67,7726280000,47505891200,48913468500,4.7010
2023-11-08,Note,10-Year,91282CJJ1,No,2.45,6000179000,39731221000,40761196600,4.5190
2023-11-09,Bond,30-Year,912810TV0,No,2.24,5912940000,23910420000,24456732400,4.7690
2023-11-20,Bond,20-Year,912810TW8,No,2.58,1505021800,15831222900,16184316400,4.7800
2023-11-21,Note,1-Year 11-Month,91282CJD4,Yes,2.84,8910920000,25977780000,26000061100,
2023-11-21,Note,9-Year 8-Month,91282CHP9,Yes,2.32,2032794700,14948096900,15172784500,2.1800
2023-11-27,Note,5-Year,91282CJN2,No,2.46,9233264500,54800530300,55633518500,4.4200
2023-11-27,Note,2-Year,91282CJL6,No,2.54,9998362500,53293742500,54622032900,4.8870
2023-11-28,Note,7-Year,91282CJM4,No,2.44,7842475000,38648325000,39449232700,4.3990
2023-12-11,Note,9-Year 11-Month,91282CJJ1,Yes,2.53,6383000000,36888008000,37000023400,4.2960
2023-12-11,Note,3-Year,91282CJP7,No,2.42,13002290000,49555200000,50000068500,4.4900
2023-12-12,Bond,29-Year 11-Month,912810TV0,Yes,2.43,2978000000,20933494500,21000002000,4.3440
2023-12-20,Bond,19-Year 11-Month,912810TW8,Yes,2.55,1663508000,12908193900,13000033000,4.2130
2023-12-21,Note,4-Year 10-Month,91282CJH5,Yes,2.55,1224537500,19951846000,20000009700,1.7100
2023-12-26,Note,2-Year,91282CJS1,No,2.68,10487000000,56279769100,57000058100,4.3140
2023-12-27,Note,1-Year 10-Month,91282CJD4,Yes,2.93,9614255000,25974211400,26000222700,
2023-12-27,Note,5-Year,91282CJR3,No,2.5,8121000000,57821997000,58000021100,3.8010
2023-12-28,Note,7-Year,91282CJQ5,No,2.5,6723212500,39744046800,40000020000,3.8590
2024-01-09,Note,3-Year,91282CJT9,No,2.67,9212502500,51612844900,52000056800,4.1050
2024-01-10,Note,9-Year 10-Month,91282CJJ1,Yes,2.56,5593157500,36919215500,37000011200,4.0240
2024-01-11,Bond,29-Year 10-Month,912810TV0,Yes,2.37,3044118000,20966180200,21000006300,4.2290
2024-01-17,Bond,19-Year 10-Month,912810TW8,Yes,2.53,2242000300,12936321300,13000010700,4.4230
2024-01-18,Note,10-Year,91282CJY8,No,2.62,572675500,17916778500,18000021100,1.8100
2024-01-23,Note,2-Year,91282CJV4,No,2.57,8817250000,59460369400,60000062600,4.3650
2024-01-24,Note,5-Year,91282CJW2,No,2.31,12394062500,60832652500,61000063600,4.0550
2024-01-24,Note,2-Year,91282CJU6,No,3.61,4594172500,27964535000,28000612800,
2024-01-25,Note,7-Year,91282CJX0,No,2.57,5692350000,40839822000,41000041100,4.1090
2024-02-06,Note,3-Year,91282CKA8,No,2.58,8428000000,53644646000,57993720900,4.1690
2024-02-07,Note,10-Year,91282CJZ5,No,2.56,5429656000,41818857500,45106262000,4.0930
2024-02-08,Bond,30-Year,912810TX6,No,2.4,3695172500,24949794000,26848948800,4.3600
2024-02-21,Note,1-Year 11-Month,91282CJU6,Yes,2.99,9561490000,27977064800,28000449500,
2024-02-21,Bond,20-Year,912810TZ1,No,2.39,3360588800,15846278100,16692254200,4.5950
2024-02-22,Bond,30-Year,912810TY4,No,2.43,802928000,8939474600,9389376900,2.2000
2024-02-26,Note,5-Year,91282CKD2,No,2.41,10729452500,63803007500,66768916600,4.3200
2024-02-26,Note,2-Year,91282CKB6,No,2.49,9188000000,62359886100,65725715600,4.6910
2024-02-27,Note,7-Year,91282CKC4,No,2.58,6527210000,41845698900,43817110700,4.3270
2024-03-11,Note,3-Year,91282CKE0,No,2.6,8032000000,55785211300,56000018600,4.2560
2024-03-12,Note,9-Year 11-Month,91282CJZ5,Yes,2.51,6641885200,38924270200,39000004400,4.1660
2024-03-13,Bond,29-Year 11-Month,912810TX6,Yes,2.47,3061000000,21970196800,22000030500,4.3310
2024-03-19,Bond,19-Year 11-Month,912810TZ1,Yes,2.79,1207300000,12917060000,13000024800,4.5420
2024-03-21,Note,9-Year 10-Month,91282CJY8,Yes,2.35,1910030000,15953232300,16000005700,1.9320
2024-03-25,Note,2-Year,91282CKH3,No,2.62,8721963600,65275794600,66000028700,4.5950
2024-03-26,Note,5-Year,91282CKG5,No,2.41,8508056000,66825255100,67000049700,4.2350
2024-03-27,Note,1-Year 10-Month,91282CJU6,Yes,3.22,11493095000,27976941600,28000033200,
2024-03-27,Note,7-Year,91282CKF7,No,2.61,5514197000,42879032000,43000000600,4.1850
2024-04-09,Note,3-Year,91282CKJ9,No,2.5,11148727500,57734532500,58956538700,4.5480
2024-04-10,Note,9-Year 10-Month,91282CJZ5,Yes,2.34,9322650000,38916968000,39643278400,4.5600
2024-04-11,Bond,29-Year 10-Month,912810TX6,Yes,2.37,3810907900,21977492400,22362826900,4.6710
2024-04-17,Bond,19-Year 10-Month,912810TZ1,Yes,2.82,1173948000,12921538600,13061977000,4.8180
2024-04-18,Note,5-Year,91282CKL4,No,2.58,900020500,22835460500,23109630400,2.2420
2024-04-23,Note,2-Year,91282CKK6,No,2.66,10252620000,67967911000,69328870200,4.8980
2024-04-24,Note,5-Year,91282CKP5,No,2.39,10476530000,69773519500,70333647700,4.6590
2024-04-24,Note,2-Year,91282CKM2,No,3.33,10855872500,29927240900,30143797900,
2024-04-25,Note,7-Year,91282CKN0,No,2.48,6102095000,43893603000,44209715500,4.7160
2024-05-07,Note,3-Year,91282CKR1,No,2.63,8580670000,57695955800,65290209800,4.6050
2024-05-08,Note,10-Year,91282CKQ3,No,2.49,6581536000,41835384000,47278984800,4.4830
2024-05-09,Bond,30-Year,912810UA4,No,2.41,3834450000,24970545000,28142249900,4.6350
2024-05-22,Bond,20-Year,912810UB2,No,2.51,1601790000,15916122000,16949904400,4.6350
2024-05-23,Note,9-Year 8-Month,91282CJY8,Yes,2.33,2240098000,15951210000,16949883700,2.1840
2024-05-28,Note,5-Year,91282CKT7,No,2.3,13630580000,69825542200,74155764000,4.5530
2024-05-28,Note,2-Year,91282CKS9,No,2.41,11317900000,68286045000,73096387700,4.9170
2024-05-29,Note,7-Year,91282CKU4,No,2.43,7458975000,43882727000,46612240400,4.6500
2024-05-29,Note,1-Year 11-Month,91282CKM2,Yes,3.4,9967500000,27980250000,29662559600,
2024-06-10,Note,3-Year,91282CKV2,No,2.43,11506705000,57646532000,59876059100,4.6590
2024-06-11,Note,9-Year 11-Month,91282CKQ3,Yes,2.67,4509473000,38918545500,40261600500,4.4380
2024-06-13,Bond,29-Year 11-Month,912810UA4,Yes,2.49,3009118500,21967151800,22711606600,4.4030
2024-06-18,Bond,19-Year 11-Month,912810UB2,Yes,2.74,747000000,12955002200,13452687400,4.4520
2024-06-20,Note,4-Year 10-Month,91282CKL4,Yes,2.52,488720000,20936914000,21000024600,2.0500
2024-06-25,Note,2-Year,91282CKY6,No,2.75,9178970000,68070367100,71402712600,4.7060
2024-06-26,Note,1-Year 10-Month,91282CKM2,Yes,2.92,9507800000,27983005000,28000082600,
2024-06-26,Note,5-Year,91282CKX8,No,2.35,9333000000,69735289700,72437531400,4.3310
2024-06-27,Note,7-Year,91282CKW0,No,2.58,5215000000,43926227600,45532190200,4.2760
2024-07-09,Note,3-Year,91282CKZ3,No,2.67,8495000000,57489880000,67423503800,4.3990
2024-07-10,Note,9-Year 10-Month,91282CKQ3,Yes,2.58,4489600000,38932816800,45336567200,4.2760
2024-07-11,Bond,29-Year 10-Month,912810UA4,Yes,2.3,3487264000,21966950000,25574432800,4.4050
2024-07-17,Bond,19-Year 10-Month,912810UB2,Yes,2.68,1097560000,12951445600,13716789100,4.4660
2024-07-18,Note,10-Year,91282CLE9,No,2.38,1502818000,18903927200,20047629100,1.8830
2024-07-23,Note,2-Year,91282CLB5,No,2.81,6149000000,68226981000,72804526100,4.4340
2024-07-24,Note,5-Year,91282CLC3,No,2.4,9750770000,69796241000,73859602700,4.1210
2024-07-24,Note,2-Year,91282CLA7,No,3.25,7290000000,29946650000,31654132700,
2024-07-25,Note,7-Year,91282CLD1,No,2.64,3895000000,43919495000,46426114700,4.1620
2024-08-06,Note,3-Year,91282CLG4,No,2.55,8866300000,57745565000,69030182700,3.8100
2024-08-07,Note,10-Year,91282CLF6,No,2.32,7486140000,41874806900,49987416200,3.9600
2024-08-08,Bond,30-Year,912810UC0,No,2.31,4784470000,24941455500,29754413000,4.3140
2024-08-21,Bond,20-Year,912810UD8,No,2.54,1547625300,15914882500,17272241000,4.1600
2024-08-22,Bond,29-Year 6-Month,912810TY4,Yes,2.61,548605000,7965191800,8000008400,2.0550
2024-08-27,Note,2-Year,91282CLH2,No,2.68,8129000000,68120579300,74486516100,3.8740
2024-08-28,Note,1-Year 11-Month,91282CLA7,Yes,2.65,10497790000,27972140000,28000016500,
2024-08-28,Note,5-Year,91282CLK5,No,2.41,9184900000,69728450200,75566080600,3.6450
2024-08-29,Note,7-Year,91282CLJ8,No,2.5,6012587500,43819369000,47498677700,3.7700
2024-09-10,Note,3-Year,91282CLL3,No,2.66,6031675000,57711214500,58554417200,3.4400
2024-09-11,Note,9-Year 11-Month,91282CLF6,Yes,2.64,3988772000,38933491900,39372679500,3.6480
2024-09-12,Bond,29-Year 11-Month,912810UC0,Yes,2.38,3440060800,21968992200,22210237900,4.0150
2024-09-17,Bond,19-Year 11-Month,912810UD8,Yes,2.51,2412422800,12953251800,13268394200,4.0390
2024-09-19,Note,9-Year 10-Month,91282CLE9,Yes,2.44,1114967500,16967242500,17350940100,1.5920
2024-09-24,Note,2-Year,91282CLP4,No,2.59,8735885000,68280226100,70424647300,3.5200
2024-09-25,Note,1-Year 10-Month,91282CLA7,Yes,2.86,11917000000,27994550000,28000020000,
2024-09-25,Note,5-Year,91282CLN9,No,2.38,7997870000,69794407700,71445154300,3.5190
2024-09-26,Note,7-Year,91282CLM1,No,2.63,3921320000,43841525000,44908314000,3.6680
2024-10-08,Note,3-Year,91282CLQ2,No,2.45,11080102500,57802343200,58796091400,3.8780
2024-10-09,Note,9-Year 10-Month,91282CLF6,Yes,2.48,5421000000,38928454500,39535267300,4.0660
2024-10-10,Bond,29-Year 10-Month,912810UC0,Yes,2.5,2671673500,21973803500,22301948200,4.3890
2024-10-23,Bond,19-Year 10-Month,912810UD8,Yes,2.59,1873296000,12934391000,13219300000,4.5900
2024-10-24,Note,5-Year,91282CLV1,No,2.4,1887560000,23913345000,24404854000,1.6700
2024-10-28,Note,5-Year,91282CLR0,No,2.39,9899215000,69849599000,71180811500,4.1380
2024-10-28,Note,2-Year,91282CLS8,No,2.5,12274385000,68468624000,70164113400,4.1300
2024-10-29,Note,7-Year,91282CLU3,No,2.74,3279000000,43924242300,44742219600,4.2150
2024-10-29,Note,2-Year,91282CLT6,No,2.95,7033105000,29959221000,30506099400,
2024-11-04,Note,3-Year,91282CLX7,No,2.6,11412250000,57778891500,72095620100,4.1520
2024-11-05,Note,10-Year,91282CLW9,No,2.58,6157382000,41821963300,52207159000,4.3470
2024-11-06,Bond,30-Year,912810UE6,No,2.64,2540000000,24945620800,31075745000,4.6080
2024-11-20,Bond,20-Year,912810UF3,No,2.34,3594548000,15896719500,17088318100,4.6800
2024-11-21,Note,9-Year 8-Month,91282CLE9,Yes,2.35,2388298000,16930433800,17000014300,2.0710
2024-11-25,Note,2-Year,91282CLY5,No,2.77,6283000000,68278992700,73693402000,4.2740
2024-11-26,Note,1-Year 11-Month,91282CLT6,Yes,2.86,7967410000,27978850000,28000010800,
2024-11-26,Note,5-Year,91282CMA6,No,2.43,7886587500,69804438500,74761379400,4.1970
2024-11-27,Note,7-Year,91282CLZ2,No,2.71,4383695000,43900455000,46992807400,4.1830
2024-12-10,Note,3-Year,91282CMB4,No,2.58,8697800000,57552170000,58415483800,4.1170
2024-12-11,Note,9-Year 11-Month,91282CLW9,Yes,2.7,4091907500,38928648400,39279340000,4.2350
2024-12-12,Bond,29-Year 11-Month,912810UE6,Yes,2.39,3158760000,21974300000,22157590100,4.5350
2024-12-17,Bond,19-Year 11-Month,912810UF3,Yes,2.5,2313640000,12922410000,13127872900,4.6860
2024-12-19,Note,4-Year 10-Month,91282CLV1,Yes,2.1,5564515000,21893220000,22216399300,2.1210
2024-12-23,Note,2-Year,91282CME8,No,2.73,7702120000,68381385400,69678721900,4.3350
2024-12-24,Note,1-Year 10-Month,91282CLT6,Yes,2.98,8246000000,27987000000,28000198200,
2024-12-24,Note,5-Year,91282CMD0,No,2.4,8696335000,69737933500,70688599900,4.4780
2024-12-26,Note,7-Year,91282CMC2,No,2.76,4069400000,43890161300,44433012100,4.5320
2025-01-06,Note,3-Year,91282CMF5,No,2.62,11178155000,57749647500,70744832300,4.3320
2025-01-07,Note,9-Year 10-Month,91282CLW9,Yes,2.53,6081224800,38879694200,47569806200,4.6800
2025-01-08,Bond,29-Year 10-Month,912810UE6,Yes,2.52,2780512000,21966493600,26834248000,4.9130
2025-01-22,Bond,19-Year 10-Month,912810UF3,Yes,2.75,1340740000,12894508000,13721915600,4.9000
2025-01-23,Note,10-Year,91282CML2,No,2.48,2014370000,19845131000,21110595700,2.2430
2025-01-27,Note,5-Year,91282CMG3,No,2.4,7738856500,69613545200,73887058300,4.3300
2025-01-27,Note,2-Year,91282CMH1,No,2.66,9333500000,68094660000,72831587300,4.2110
2025-01-28,Note,7-Year,91282CMK4,No,2.64,4319098400,43817575200,46443305300,4.4570
2025-01-28,Note,2-Year,91282CMJ7,No,3.01,6255000000,29971392600,31665890500,
2025-02-11,Note,3-Year,91282CMN8,No,2.79,5855950000,57514536800,73933406800,4.3000
2025-02-12,Note,10-Year,91282CMM0,No,2.48,6198055000,41770656300,53537960700,4.6320
2025-02-13,Bond,30-Year,912810UG1,No,2.33,4078779300,24956496300,31867850600,4.7480
2025-02-19,Bond,20-Year,912810UJ5,No,2.43,2782530000,15892978000,17612690100,4.8300
2025-02-20,Bond,30-Year,912810UH9,No,2.48,647000000,8941997400,9907113500,2.4030
2025-02-24,Note,2-Year,91282CMP3,No,2.56,4700825000,68439422200,75954692700,4.1690
2025-02-25,Note,5-Year,91282CGQ8,Yes,2.42,7390090000,69797603000,77055354600,4.1230
2025-02-26,Note,1-Year 11-Month,91282CMJ7,Yes,2.72,8984820000,27973864000,30822172600,
2025-02-26,Note,7-Year,91282CMR9,No,2.64,3856458000,43915416500,48434776000,4.1940
2025-03-11,Note,3-Year,91282CMS7,No,2.7,6630799500,57828163100,58983121300,3.9080
2025-03-12,Note,9-Year 11-Month,91282CMM0,Yes,2.59,5089809000,38912640600,39661161700,4.3100
2025-03-13,Bond,29-Year 11-Month,912810UG1,Yes,2.37,3709140000,21959626000,22372924000,4.6230
2025-03-18,Bond,19-Year 11-Month,912810UJ5,Yes,2.78,1138000000,12921252300,13383978900,4.6320
2025-03-20,Note,9-Year 10-Month,91282CML2,Yes,2.35,1685749000,17931485800,18531651200,1.9350
2025-03-25,Note,2-Year,91282CMV0,No,2.66,7293000000,68484645300,71038027300,3.9840
2025-03-26,Note,1-Year 10-Month,91282CMJ7,Yes,2.87,9569145000,27985120000,28000006300,
2025-03-26,Note,5-Year,91282CMU2,No,2.33,9204516500,69765065500,72067530900,4.1000
2025-03-27,Note,7-Year,91282CMT5,No,2.53,5564015000,43917667200,45299601700,4.2330
2025-04-08,Note,3-Year,91282CMW8,No,2.47,11979447000,57790487000,67680795200,3.7840
2025-04-09,Note,9-Year 10-Month,91282CMM0,Yes,2.67,4162929500,38903827000,45509509700,4.4350
2025-04-10,Bond,29-Year 10-Month,912810UG1,Yes,2.43,2700788000,21962662700,25672036400,4.8130
2025-04-16,Bond,19-Year 10-Month,912810UJ5,Yes,2.63,2189235000,12883615500,13890238900,4.8100
2025-04-17,Note,5-Year,91282CNB3,No,2.28,4484820000,24831252000,26711989800,1.7020
2025-04-22,Note,2-Year,91282CMY4,No,2.52,9431826300,68639526300,73725067300,3.7950
2025-04-23,Note,5-Year,91282CMZ1,No,2.41,7768076000,69884341800,74793623100,3.9950
2025-04-23,Note,2-Year,91282CMX6,No,2.69,14858720000,29983720000,32054605000,
2025-04-24,Note,7-Year,91282CNA5,No,2.55,6706000000,43929113000,47013098600,4.1230
2025-05-05,Note,3-Year,91282CND9,No,2.56,8037448000,57734288000,78473611500,3.8240
2025-05-06,Note,10-Year,91282CNC1,No,2.6,3736150000,41852615000,56825711900,4.3420
2025-05-08,Bond,30-Year,912810UK2,No,2.31,3467657500,24916150000,33824847300,4.8190
2025-05-21,Bond,20-Year,912810UL0,No,2.46,2669255000,15784555100,18190439100,5.0470
2025-05-22,Note,9-Year 8-Month,91282CML2,Yes,2.36,2135121500,17921150200,18000018400,2.2200
2025-05-27,Note,2-Year,91282CNE7,No,2.57,7196928000,68692183000,78446209700,3.9550
2025-05-28,Note,1-Year 11-Month,91282CMX6,Yes,2.95,9774827500,27978551500,28000004100,
2025-05-28,Note,5-Year,91282CNG2,No,2.39,6453820000,69880539000,79583112500,4.0710
2025-05-29,Note,7-Year,91282CNF4,No,2.69,2123837500,43834565500,50023709000,4.1940
2025-06-10,Note,3-Year,91282CNH0,No,2.52,8786719000,57852154000,59043067400,3.9720
2025-06-11,Note,9-Year 11-Month,91282CNC1,Yes,2.52,3483480000,38875284000,39701375700,4.4210
2025-06-12,Bond,29-Year 11-Month,912810UK2,Yes,2.43,2507004000,21965397000,22395657700,4.8440
2025-06-16,Bond,19-Year 11-Month,912810UL0,Yes,2.68,1727004400,12912616400,14293677600,4.9420
2025-06-17,Note,4-Year 10-Month,91282CNB3,Yes,2.53,1503820500,22946760900,25288893600,1.6500
2025-06-24,Note,2-Year,91282CNL1,No,2.58,9048450000,68694945000,75866447200,3.7860
2025-06-25,Note,5-Year,91282CNK3,No,2.36,7608640000,69900930400,76966020900,3.8790
2025-06-25,Note,1-Year 10-Month,91282CMX6,Yes,2.79,14971000000,27982908000,28000029900,
2025-06-26,Note,7-Year,91282CNJ6,No,2.53,5115112500,43935954500,48378592200,4.0220
2025-07-08,Note,3-Year,91282CNM9,No,2.51,9549700000,57844579000,64862776900,3.8910
2025-07-09,Note,9-Year 10-Month,91282CNC1,Yes,2.61,4229690000,38897801100,43614645500,4.3620
2025-07-10,Bond,29-Year 10-Month,912810UK2,Yes,2.38,2816850000,21973765000,24603117400,4.8890
2025-07-23,Bond,19-Year 10-Month,912810UL0,Yes,2.79,1379975000,12877685000,13885258600,4.9350
2025-07-24,Note,10-Year,91282CNS6,No,2.41,1120066000,20913221900,22430027400,1.9850
2025-07-28,Note,2-Year,91282CNP2,No,2.62,7048617500,68438880500,73698811200,3.9200
2025-07-28,Note,5-Year,91282CNN7,No,2.31,8544536000,69878752400,74766753000,3.9830
2025-07-29,Note,7-Year,91282CNR8,No,2.79,1784000000,43916977700,46996686100,4.0920
2025-07-29,Note,2-Year,91282CNQ0,No,2.81,11822005000,29975005000,32042881500,
2025-08-05,Note,3-Year,91282CNU1,No,2.53,10342600000,57846725000,77683702500,3.6690
2025-08-06,Note,10-Year,91282CNT4,No,2.35,6762778000,41857544000,56253817500,4.2550
2025-08-07,Bond,30-Year,912810UM8,No,2.27,4356975000,24960862000,33484349300,4.8130
2025-08-20,Bond,20-Year,912810UN6,No,2.54,2040878000,15839720000,17931045300,4.8760
2025-08-21,Bond,29-Year 6-Month,912810UH9,Yes,2.78,354775500,7953749400,8000011500,2.6500
2025-08-26,Note,2-Year,91282CNV9,No,2.69,6659350000,68364904200,77327624900,3.6410
2025-08-27,Note,1-Year 11-Month,91282CNQ0,Yes,3.22,5997450000,27981312500,28000072000,
2025-08-27,Note,5-Year,91282CNX5,No,2.36,6139000000,69883850000,78448346900,3.7240
2025-08-28,Note,7-Year,91282CNW7,No,2.49,4297200000,43904285000,49310372900,3.9250
2025-09-09,Note,3-Year,91282CNY3,No,2.73,4835680000,57778780200,58000146200,3.4850
2025-09-10,Note,9-Year 11-Month,91282CNT4,Yes,2.65,1638000000,38881412000,39000024500,4.0330
2025-09-11,Bond,29-Year 11-Month,912810UM8,Yes,2.38,2185951000,21956149000,22000000200,4.6510
2025-09-16,Bond,19-Year 11-Month,912810UN6,Yes,2.74,976440000,12891939200,13717873000,4.6130
2025-09-18,Note,9-Year 10-Month,91282CNS6,Yes,2.2,3373105000,18956812500,20049149800,1.7340
2025-09-23,Note,2-Year,91282CPB1,No,2.51,7889380000,68681817300,72810112800,3.5710
2025-09-24,Note,5-Year,91282CPA3,No,2.34,8347846400,69898797200,73865290100,3.7100
2025-09-24,Note,1-Year 10-Month,91282CNQ0,Yes,3.15,8075885000,27969350000,28000093600,
2025-09-25,Note,7-Year,91282CNZ0,No,2.4,5275000000,43943699400,46429614600,3.9530
2025-10-07,Note,3-Year,91282CPC9,No,2.66,6203000000,57841524400,59076806400,3.5760
2025-10-08,Note,9-Year 10-Month,91282CNT4,Yes,2.48,3539221000,38921677000,39723990300,4.1170
2025-10-09,Bond,29-Year 10-Month,912810UM8,Yes,2.38,1901737000,21956457500,22408408700,4.7340
2025-10-22,Bond,19-Year 10-Month,912810UN6,Yes,2.73,1298000000,12934036100,13746497600,4.5060
2025-10-23,Note,5-Year,91282CPH8,No,2.51,3485311500,25857015600,27492981400,1.1820
2025-10-27,Note,5-Year,91282CPD7,No,2.38,6480750000,69902036000,74019650700,3.6250
2025-10-27,Note,2-Year,91282CPE5,No,2.59,7928260000,68473624000,72962136800,3.5040
2025-10-28,Note,7-Year,91282CPF2,No,2.46,5777731000,43954857700,46526609100,3.7900
2025-10-29,Note,2-Year,91282CPG0,No,3.63,10454500000,29989880000,31722704700,
2025-11-10,Note,3-Year,91282CPK1,No,2.85,5611000000,57743491600,67033709400,3.5790
2025-11-12,Note,10-Year,91282CPJ4,No,2.43,4374668000,41857012200,48541627100,4.0740
2025-11-13,Bond,30-Year,912810UP1,No,2.29,3619824000,24946422000,28893800900,4.6940
2025-11-19,Bond,20-Year,912810UQ9,No,2.41,1809987500,15901105500,17829634000,4.7060
2025-11-20,Note,9-Year 8-Month,91282CNS6,Yes,2.41,2803730000,18964646000,19000003700,1.8430
2025-11-24,Note,2-Year,91282CPL9,No,2.68,7684000000,68711131300,76890422900,3.4890
2025-11-25,Note,1-Year 11-Month,91282CPG0,Yes,3.03,9442800000,27980440000,28000017700,
2025-11-25,Note,5-Year,91282CPN5,No,2.41,7704745000,69800167000,78004683600,3.5620
2025-11-26,Note,7-Year,91282CPM7,No,2.46,5744480000,43940026900,49031521300,3.7810
2025-12-08,Note,3-Year,91282CPP0,No,2.64,5211475000,57719315000,58000067800,3.6140
2025-12-09,Note,9-Year 11-Month,91282CPJ4,Yes,2.55,3426225000,38904926000,39000048600,4.1750
2025-12-11,Bond,29-Year 11-Month,912810UP1,Yes,2.36,2449552000,21946790000,22000005100,4.7730
2025-12-17,Bond,19-Year 11-Month,912810UQ9,Yes,2.67,1626790000,12942131100,14385501500,4.7980
2025-12-18,Note,4-Year 10-Month,91282CPH8,Yes,2.62,1298990000,23934930000,26557802400,1.4330
2025-12-22,Note,2-Year,91282CPS4,No,2.54,8751400000,68696877000,76353747100,3.4990
2025-12-23,Note,1-Year 10-Month,91282CPG0,Yes,3.75,8405370000,27987110000,28000004500,
2025-12-23,Note,5-Year,91282CPR6,No,2.35,6175462500,69883070500,77460293000,3.7470
2025-12-24,Note,7-Year,91282CPQ8,No,2.51,4099602500,43910962700,48689313800,3.9300
2026-01-12,Note,9-Year 10-Month,91282CPJ4,Yes,2.55,2276072500,38924042800,50351940000,4.1730
2026-01-12,Note,3-Year,91282CPT2,No,2.65,8058080000,57540560800,74882423700,3.6090
2026-01-13,Bond,29-Year 10-Month,912810UP1,Yes,2.42,2625470000,21968003900,28403689800,4.8250
2026-01-21,Bond,19-Year 10-Month,912810UQ9,Yes,2.86,804311200,12953038500,13916190200,4.8460
2026-01-22,Note,10-Year,91282CPU9,No,2.38,2547340000,20866952500,21000013300,1.9400
2026-01-26,Note,2-Year,91282CGH8,Yes,2.75,5031125000,68645358000,73862272800,3.5800
2026-01-27,Note,5-Year,91282CPW5,No,2.34,7577216000,69853052000,74932771600,3.8230
2026-01-28,Note,2-Year,91282CPX3,No,3.16,10268530000,29974534000,32114030900,
2026-01-29,Note,7-Year,91282CPY1,No,2.45,4796250000,43888735000,47100610800,4.0180
2026-02-10,Note,3-Year,91282CQA2,No,2.62,6313424000,57729734400,74434541200,3.5180
2026-02-11,Note,10-Year,91282CPZ8,No,2.39,5595700000,41834683000,53900905800,4.1770
2026-02-12,Bond,30-Year,912810UR7,No,2.66,1468440000,24961985000,32083920100,4.7500
2026-02-18,Bond,20-Year,912810UT3,No,2.36,2805684600,15948334400,17916728200,4.6640
2026-02-19,Bond,30-Year,912810US5,No,2.75,223000000,8963875700,9000008600,2.4730
2026-02-24,Note,2-Year,91282CQB0,No,2.63,6736514000,68667373900,77265995400,3.4550
2026-02-25,Note,1-Year 11-Month,91282CPX3,Yes,3.01,11620850000,27982697500,28000124100,
2026-02-25,Note,5-Year,91282CQD6,No,2.32,8954072500,69910663000,78385634900,3.6150
2026-02-26,Note,7-Year,91282CQC8,No,2.5,4579240000,43954752400,49270982800,3.7900
2026-03-10,Note,3-Year,91282CQE4,No,2.55,11265540000,57770165000,58014637500,3.5790
2026-03-11,Note,9-Year 11-Month,91282CPZ8,Yes,2.45,4950180000,38926836500,39009856200,4.2170
2026-03-12,Bond,29-Year 11-Month,912810UR7,Yes,2.45,2056000000,21969517000,22005667500,4.8710
2026-03-17,Bond,19-Year 11-Month,912810UT3,Yes,2.76,1198000000,12959817600,14343301500,4.8170
2026-03-19,Note,9-Year 10-Month,91282CPU9,Yes,2.47,1421812500,18955092500,20963263300,1.8960
2026-03-24,Note,2-Year,91282CQH7,No,2.44,16503900000,68414607500,76129743700,3.9360
2026-03-25,Note,1-Year 10-Month,91282CPX3,Yes,2.78,13737740000,27982798000,28000002700,
2026-03-25,Note,5-Year,91282CQG9,No,2.29,10906400000,69845769000,77233097500,3.9800
2026-03-26,Note,7-Year,91282CQF1,No,2.43,5445152000,43892441000,48546497200,4.2550
2026-04-07,Note,3-Year,91282CQJ3,No,2.68,7677751000,57813627900,68285499500,3.8970
2026-04-08,Note,9-Year 10-Month,91282CPZ8,Yes,2.43,4202167500,38921968500,45916047400,4.2820
2026-04-09,Bond,29-Year 10-Month,912810UR7,Yes,2.39,2554092000,21973237800,25901386200,4.8760
2026-04-22,Bond,19-Year 10-Month,912810UT3,Yes,2.68,1259140000,12944148000,14636144300,4.8830
2026-04-23,Note,5-Year,91282CQP9,No,2.57,2188590000,25815479000,29272293000,1.3670
2026-04-27,Note,5-Year,91282CQK0,No,2.33,8863489600,69875552600,78810010600,3.9550
2026-04-27,Note,2-Year,91282CQL8,No,2.65,8110420000,68334730100,77684221100,3.8120
2026-04-28,Note,7-Year,91282CQN4,No,2.51,5110463800,43911881800,49537771700,4.1750
2026-04-28,Note,2-Year,91282CQM6,No,3.52,10275610000,29968630000,33775865800,
2026-05-11,Note,3-Year,91282CQR5,No,2.54,9737000000,57599404500,71771891400,3.9650
2026-05-12,Note,10-Year,91282CQQ7,No,2.4,5015000000,41869018000,51972791100,4.4680
2026-05-13,Bond,30-Year,912810UU0,No,2.3,2907060000,24937681600,30936165500,5.0460
2026-05-20,Bond,20-Year,912810UV8,No,2.55,1486006000,15829823000,18360688200,5.1220
2026-05-21,Note,9-Year 8-Month,91282CPU9,Yes,2.52,2107000000,18935762000,19000007500,2.1690
2026-05-26,Note,2-Year,91282CQS3,No,2.64,8423268000,68274791000,79180503700,4.0710
2026-05-27,Note,1-Year 11-Month,91282CQM6,Yes,3.49,7510000000,27979569300,28000453000,
2026-05-27,Note,5-Year,91282CQU8,No,2.34,8929565000,69746462500,80328049000,4.1820
2026-05-28,Note,7-Year,91282CQT1,No,2.52,4575690000,43917937100,50491888800,4.2900
2026-06-09,Note,3-Year,91282CQV6,No,2.64,8820528000,57733403100,58000019200,4.1920
2026-06-10,Note,9-Year 11-Month,91282CQQ7,Yes,2.57,3683175000,38914680400,39000001000,4.5380
2026-06-11,Bond,29-Year 11-Month,912810UU0,Yes,2.33,3237630000,21959443000,22000022800,5.0200
2026-06-16,Bond,19-Year 11-Month,912810UV8,Yes,2.75,1097000000,12932506400,13000031700,4.9270
2026-06-18,Note,4-Year 10-Month,91282CQP9,Yes,2.61,819075000,23914250000,27592591700,1.9550
2026-06-23,Note,2-Year,91282CQY0,No,2.64,6966490000,68035905000,79328705800,4.1890
2026-06-24,Note,5-Year,91282CQX2,No,2.35,9006347500,69854999700,80478403400,4.2000
2026-06-24,Note,1-Year 10-Month,91282CQM6,Yes,2.99,9331175000,27981075000,28000162200,
2026-06-25,Note,7-Year,91282CQW4,No,2.5,5600837000,43927162000,50586437400,4.2600
2026-07-07,Note,3-Year,91282CQZ7,No,2.6,4474629500,57799547000,64031643800,4.1790
2026-07-08,Note,9-Year 10-Month,91282CQQ7,Yes,2.59,3027415300,38923847700,43055875200,4.5800
2026-07-09,Bond,29-Year 10-Month,912810UU0,Yes,2.44,2206260000,21951364800,24287893700,5.0580
2026-07-22,Bond,19-Year 10-Month,912810UV8,Yes,2.64,1889130000,12881600000,13000008500,5.1630
2026-07-23,Note,10-Year,91282CRE3,No,2.3,2056940000,20863290000,23321784700,2.4380
2026-07-27,Note,2-Year,91282CRB9,No,2.66,6340843200,67776042400,76628842100,4.3150
2026-07-27,Note,5-Year,91282CRA1,No,2.28,9447710000,69805215000,77739280900,4.4080
2026-07-28,Note,7-Year,91282CRC7,No,2.49,5694510000,43909474000,48864691000,4.4730
2026-07-29,Note,2-Year,91282CRD5,No,3.37,11018200000,29962331400,33317226800,
2026-08-11,Note,3-Year,91282CRG8,No,2.71,6739521500,57400241500,72670580300,4.2910
2026-08-12,Note,10-Year,91282CRF0,No,2.53,3597810000,41821613600,52623557100,4.6830
2026-08-13,Bond,30-Year,912810UW6,No,2.39,2866735000,24904608000,31323533800,5.2160
2026-08-19,Bond,20-Year,912810UX4,No,2.53,1974395000,15809192000,18056928100,5.2040
2026-08-20,Bond,29-Year 6-Month,912810US5,Yes,2.82,167000000,7942741400,9028453400,2.9730
2026-08-25,Note,2-Year,91282CRH6,No,2.6,7421560000,68107241800,77870538900,4.2040
2026-08-26,Note,1-Year 11-Month,91282CRD5,Yes,3.14,9258861200,27986314200,28000010700,
2026-08-26,Note,5-Year,91282CRK9,No,2.37,7013610000,69797539000,78998947800,4.3930
2026-08-27,Note,7-Year,91282CRJ2,No,2.5,5383187500,43893808500,49656567600,4.5120
2026-09-08,Note,3-Year,91282CRL7,No,2.72,6285000000,57619163700,58000088800,4.4740
2026-09-09,Note,9-Year 11-Month,91282CRF0,Yes,2.71,1677000000,38901890000,39000040000,4.8340
2026-09-10,Bond,29-Year 11-Month,912810UW6,Yes,2.61,484800000,21957470500,22000024000,5.3080
2026-09-15,Bond,19-Year 11-Month,912810UX4,Yes,2.57,2176481000,12914903200,13000008600,5.4200
2026-09-17,Note,9-Year 10-Month,91282CRE3,Yes,2.24,2300024000,18883984000,21860454000,2.6530
2026-09-22,Note,2-Year,91282CRP8,No,2.63,8928390000,67685935200,79388014800,4.7870
2026-09-23,Note,1-Year 10-Month,91282CRD5,Yes,2.63,11451850000,27989762500,28000087000,
2026-09-23,Note,5-Year,91282CRN3,No,2.21,10990000000,69668682000,80538513000,5.0330
2026-09-24,Note,7-Year,91282CRM5,No,2.42,5447550000,43480804500,50624250500,5.0850
2026-10-06,Note,3-Year,91282CRQ6,No,2.62,6121437500,56995537500,59377561000,4.9320
2026-10-07,Note,9-Year 10-Month,91282CRF0,Yes,2.77,984000000,38665438000,39926321900,5.3000
