operationId,operationDate,operationType,totalAmtAccepted
RP 091719 4,2019-09-17,Repo,53150000000
RP 091819 1,2019-09-18,Repo,75000000000
RP 091919 1,2019-09-19,Repo,75000000000
RP 092019 1,2019-09-20,Repo,75000000000
RP 092319 1,2019-09-23,Repo,65750000000
RP 092419 2,2019-09-24,Repo,75000000000
RP 092419 1,2019-09-24,Repo,30000000000
RP 092519 1,2019-09-25,Repo,75000000000
RP 092619 2,2019-09-26,Repo,50100000000
RP 092619 1,2019-09-26,Repo,60000000000
RP 092719 1,2019-09-27,Repo,49000000000
RP 092719 2,2019-09-27,Repo,22700000000
RP 093019 1,2019-09-30,Repo,63500000000
RP 100119 1,2019-10-01,Repo,54850000000
RP 100219 1,2019-10-02,Repo,42050000000
RP 100319 1,2019-10-03,Repo,33550000000
RP 100419 1,2019-10-04,Repo,38550000000
RP 100719 1,2019-10-07,Repo,47050000000
RP 100819 1,2019-10-08,Repo,38850000000
RP 100819 2,2019-10-08,Repo,37500000000
RP 100919 1,2019-10-09,Repo,30800000000
RP 101019 1,2019-10-10,Repo,42600000000
RP 101019 2,2019-10-10,Repo,45500000000
RP 101119 2,2019-10-11,Repo,61550000000
RP 101119 1,2019-10-11,Repo,21150000000
RP 101519 1,2019-10-15,Repo,20100000000
RP 101519 2,2019-10-15,Repo,67600000000
RP 101619 1,2019-10-16,Repo,75000000000
RP 101719 1,2019-10-17,Repo,30650000000
RP 101719 2,2019-10-17,Repo,73500000000
RP 101819 1,2019-10-18,Repo,56650000000
RP 102119 1,2019-10-21,Repo,58150000000
RP 102219 1,2019-10-22,Repo,35000000000
RP 102219 2,2019-10-22,Repo,64904000000
RP 102319 1,2019-10-23,Repo,49854000000
RP 102419 1,2019-10-24,Repo,45000000000
RP 102419 2,2019-10-24,Repo,89154000000
RP 102519 1,2019-10-25,Repo,77343000000
RP 102819 1,2019-10-28,Repo,76583000000
RP 102919 2,2019-10-29,Repo,59483000000
RP 102919 1,2019-10-29,Repo,45000000000
RP 103019 1,2019-10-30,Repo,59850000000
RP 103119 1,2019-10-31,Repo,72533000000
RP 110119 1,2019-11-01,Repo,31450000000
RP 110119 2,2019-11-01,Repo,73133000000
RP 110419 1,2019-11-04,Repo,77583000000
RP 110519 1,2019-11-05,Repo,31100000000
RP 110519 3,2019-11-05,Repo,68000000
RP 110519 2,2019-11-05,Repo,71043000000
RP 110619 1,2019-11-06,Repo,62542000000
RP 110719 1,2019-11-07,Repo,35000000000
RP 110719 2,2019-11-07,Repo,80142000000
RP 110819 1,2019-11-08,Repo,70643000000
RP 111219 1,2019-11-12,Repo,34966000000
RP 111219 2,2019-11-12,Repo,76943000000
RP 111319 1,2019-11-13,Repo,77093000000
RP 111419 1,2019-11-14,Repo,30700000000
RP 111419 2,2019-11-14,Repo,73593000000
RP 111519 1,2019-11-15,Repo,68343000000
RP 111819 1,2019-11-18,Repo,61043000000
RP 111919 1,2019-11-19,Repo,24143000000
RP 111919 2,2019-11-19,Repo,78300000000
RP 112019 1,2019-11-20,Repo,74350000000
RP 112119 2,2019-11-21,Repo,74450000000
RP 112119 1,2019-11-21,Repo,29200000000
RP 112219 1,2019-11-22,Repo,80600000000
RP 112519 2,2019-11-25,Repo,68500000000
RP 112519 1,2019-11-25,Repo,25000000000
RP 112619 1,2019-11-26,Repo,19950000000
RP 112619 2,2019-11-26,Repo,72750000000
RP 112719 1,2019-11-27,Repo,21000000000
RP 112719 2,2019-11-27,Repo,87950000000
RP 112919 1,2019-11-29,Repo,88450000000
RP 120219 1,2019-12-02,Repo,25000000000
RP 120219 2,2019-12-02,Repo,72900000000
RP 120319 1,2019-12-03,Repo,17757000000
RP 120319 2,2019-12-03,Repo,77800000000
RP 120419 1,2019-12-04,Repo,70100000000
RP 120519 1,2019-12-05,Repo,28700000000
RP 120519 2,2019-12-05,Repo,78700000000
RP 120619 1,2019-12-06,Repo,72800000000
RP 120919 1,2019-12-09,Repo,25000000000
RP 120919 2,2019-12-09,Repo,56400000000
RP 121019 1,2019-12-10,Repo,28500000000
RP 121019 2,2019-12-10,Repo,41700000000
RP 121119 1,2019-12-11,Repo,42000000000
RP 121219 1,2019-12-12,Repo,19000000000
RP 121219 2,2019-12-12,Repo,49900000000
RP 121319 1,2019-12-13,Repo,56450000000
RP 121619 2,2019-12-16,Repo,36400000000
RP 121619 1,2019-12-16,Repo,50000000000
RP 121719 1,2019-12-17,Repo,6100000000
RP 121719 2,2019-12-17,Repo,52650000000
RP 121819 1,2019-12-18,Repo,29300000000
RP 121819 2,2019-12-18,Repo,62000000
RP 121919 1,2019-12-19,Repo,31269000000
RP 121919 2,2019-12-19,Repo,26250000000
RP 122019 1,2019-12-20,Repo,26700000000
RP 122319 1,2019-12-23,Repo,28800000000
RP 122319 2,2019-12-23,Repo,20550000000
RP 122419 1,2019-12-24,Repo,24800000000
RP 122619 1,2019-12-26,Repo,18000000000
RP 122619 2,2019-12-26,Repo,28800000000
RP 122719 1,2019-12-27,Repo,25800000000
RP 123019 2,2019-12-30,Repo,30800000000
RP 123019 3,2019-12-30,Repo,18650000000
RP 123019 1,2019-12-30,Repo,8300000000
RP 123119 1,2019-12-31,Repo,25600000000
RP 010220 1,2020-01-02,Repo,27668000000
RP 010220 2,2020-01-02,Repo,29050000000
RP 010320 1,2020-01-03,Repo,51150000000
RP 010620 1,2020-01-06,Repo,76895000000
RP 010720 1,2020-01-07,Repo,35000000000
RP 010720 2,2020-01-07,Repo,63919000000
RP 010820 1,2020-01-08,Repo,46619000000
RP 010920 1,2020-01-09,Repo,34300000000
RP 010920 2,2020-01-09,Repo,48825000000
RP 011020 1,2020-01-10,Repo,40875000000
RP 011320 1,2020-01-13,Repo,60725000000
RP 011420 1,2020-01-14,Repo,35000000000
RP 011420 2,2020-01-14,Repo,47000000000
RP 011520 1,2020-01-15,Repo,47500000000
RP 011620 1,2020-01-16,Repo,34800000000
RP 011620 2,2020-01-16,Repo,39350000000
RP 011720 1,2020-01-17,Repo,52630000000
RP 012120 1,2020-01-21,Repo,32150000000
RP 012120 2,2020-01-21,Repo,58626000000
RP 012220 1,2020-01-22,Repo,49826000000
RP 012320 2,2020-01-23,Repo,44150000000
RP 012320 1,2020-01-23,Repo,30000000000
RP 012420 1,2020-01-24,Repo,55300000000
RP 012720 1,2020-01-27,Repo,49600000000
RP 012820 1,2020-01-28,Repo,28950000000
RP 012820 2,2020-01-28,Repo,55750000000
RP 012920 1,2020-01-29,Repo,49225000000
RP 013020 1,2020-01-30,Repo,33800000000
RP 013020 2,2020-01-30,Repo,48775000000
RP 013120 1,2020-01-31,Repo,45552000000
RP 020320 1,2020-02-03,Repo,59850000000
RP 020420 1,2020-02-04,Repo,30000000000
RP 020420 2,2020-02-04,Repo,64450000000
RP 020520 1,2020-02-05,Repo,47500000000
RP 020620 2,2020-02-06,Repo,30000000000
RP 020620 3,2020-02-06,Repo,46750000000
RP 020720 1,2020-02-07,Repo,42750000000
RP 021020 1,2020-02-10,Repo,38200000000
RP 021120 2,2020-02-11,Repo,37915000000
RP 021120 1,2020-02-11,Repo,30000000000
RP 021220 1,2020-02-12,Repo,40600000000
RP 021320 1,2020-02-13,Repo,30000000000
RP 021320 2,2020-02-13,Repo,48850000000
RP 021420 1,2020-02-14,Repo,47650000000
RP 021820 1,2020-02-18,Repo,25000000000
RP 021820 2,2020-02-18,Repo,53550000000
RP 021920 1,2020-02-19,Repo,48900000000
RP 022020 2,2020-02-20,Repo,40250000000
RP 022020 1,2020-02-20,Repo,25000000000
RP 022120 1,2020-02-21,Repo,26000000000
RP 022420 1,2020-02-24,Repo,40750000000
RP 022520 2,2020-02-25,Repo,49460000000
RP 022520 1,2020-02-25,Repo,25000000000
RP 022620 1,2020-02-26,Repo,38440000000
RP 022720 1,2020-02-27,Repo,25000000000
RP 022720 2,2020-02-27,Repo,30190000000
RP 022820 1,2020-02-28,Repo,26240000000
RP 030220 1,2020-03-02,Repo,53140000000
RP 030320 1,2020-03-03,Repo,20000000000
RP 030320 2,2020-03-03,Repo,100000000000
RP 030420 1,2020-03-04,Repo,100000000000
RP 030520 2,2020-03-05,Repo,20000000000
RP 030520 3,2020-03-05,Repo,87357000000
RP 030620 1,2020-03-06,Repo,89607000000
RP 030920 1,2020-03-09,Repo,112932000000
RP 031020 1,2020-03-10,Repo,45000000000
RP 031020 2,2020-03-10,Repo,123625000000
RP 031120 1,2020-03-11,Repo,132375000000
RP 031220 1,2020-03-12,Repo,50000000000
RP 031220 4,2020-03-12,Repo,103100000000
RP 031220 6,2020-03-12,Repo,78400000000
RP 031220 3,2020-03-12,Repo,45000000000
RP 031320 2,2020-03-13,Repo,24100000000
RP 031320 1,2020-03-13,Repo,17000000000
RP 031320 3,2020-03-13,Repo,45150000000
RP 031620 1,2020-03-16,Repo,18450000000
RP 031620 4,2020-03-16,Repo,19400000000
RP 031620 2,2020-03-16,Repo,129600000000
RP 031720 2,2020-03-17,Repo,142650000000
RP 031720 4,2020-03-17,Repo,10100000000
RP 031720 1,2020-03-17,Repo,45000000000
RP 031820 1,2020-03-18,Repo,85795000000
RP 031820 3,2020-03-18,Repo,13200000000
RP 031920 1,2020-03-19,Repo,12500000000
RP 031920 2,2020-03-19,Repo,48890000000
RP 031920 4,2020-03-19,Repo,24000000000
RP 032020 2,2020-03-20,Repo,22000000000
RP 032020 4,2020-03-20,Repo,1750000000
RP 032020 1,2020-03-20,Repo,31250000000
RP 032320 2,2020-03-23,Repo,30500000000
RP 032320 4,2020-03-23,Repo,3000000000
RP 032320 1,2020-03-23,Repo,4000000000
RP 032420 1,2020-03-24,Repo,13500000000
RP 032420 4,2020-03-24,Repo,19400000000
RP 032420 2,2020-03-24,Repo,17850000000
RP 032520 1,2020-03-25,Repo,10900000000
RP 032520 3,2020-03-25,Repo,2255000000
RP 032620 1,2020-03-26,Repo,11950000000
RP 032620 4,2020-03-26,Repo,10350000000
RP 032620 2,2020-03-26,Repo,9500000000
RP 032720 6,2020-03-27,Repo,5251000000
RP 032720 2,2020-03-27,Repo,6750000000
RP 032720 1,2020-03-27,Repo,0
RP 033020 1,2020-03-30,Repo,1000000000
RP 033020 4,2020-03-30,Repo,10000000
RP 033020 2,2020-03-30,Repo,3850000000
RP 033120 2,2020-03-31,Repo,0
RP 033120 4,2020-03-31,Repo,325000000
RP 033120 1,2020-03-31,Repo,250000000
RP 040120 1,2020-04-01,Repo,0
RP 040120 3,2020-04-01,Repo,650000000
RP 040220 2,2020-04-02,Repo,2500000000
RP 040220 1,2020-04-02,Repo,0
RP 040220 4,2020-04-02,Repo,1050000000
RP 040320 4,2020-04-03,Repo,900000000
RP 040320 2,2020-04-03,Repo,0
RP 040320 1,2020-04-03,Repo,1000000000
RP 040620 1,2020-04-06,Repo,6300000000
RP 040620 4,2020-04-06,Repo,13400000000
RP 040620 2,2020-04-06,Repo,2700000000
RP 040720 3,2020-04-07,Repo,10800000000
RP 040720 1,2020-04-07,Repo,1500000000
RP 040820 1,2020-04-08,Repo,3550000000
RP 040820 3,2020-04-08,Repo,7450000000
RP 040920 2,2020-04-09,Repo,2500000000
RP 040920 4,2020-04-09,Repo,29300000000
RP 040920 1,2020-04-09,Repo,0
RP 041320 2,2020-04-13,Repo,15850000000
RP 041320 4,2020-04-13,Repo,21320000000
RP 041320 1,2020-04-13,Repo,14450000000
RP 041420 1,2020-04-14,Repo,23500000000
RP 041420 3,2020-04-14,Repo,8400000000
RP 041520 1,2020-04-15,Repo,16350000000
RP 041520 3,2020-04-15,Repo,11350000000
RP 041620 3,2020-04-16,Repo,25000000000
RP 041620 1,2020-04-16,Repo,18350000000
RP 041720 1,2020-04-17,Repo,12350000000
RP 041720 4,2020-04-17,Repo,9700000000
RP 042020 1,2020-04-20,Repo,7600000000
RP 042020 4,2020-04-20,Repo,5200000000
RP 042020 2,2020-04-20,Repo,350000000
RP 042120 3,2020-04-21,Repo,400000000
RP 042120 1,2020-04-21,Repo,0
RP 042220 3,2020-04-22,Repo,500000000
RP 042220 1,2020-04-22,Repo,0
RP 042320 3,2020-04-23,Repo,13500000000
RP 042320 1,2020-04-23,Repo,0
RP 042420 4,2020-04-24,Repo,4200000000
RP 042420 2,2020-04-24,Repo,6500000000
RP 042420 1,2020-04-24,Repo,0
RP 042720 4,2020-04-27,Repo,300000000
RP 042720 2,2020-04-27,Repo,0
RP 042720 1,2020-04-27,Repo,200000000
RP 042820 1,2020-04-28,Repo,0
RP 042820 3,2020-04-28,Repo,400000000
RP 042920 1,2020-04-29,Repo,0
RP 042920 3,2020-04-29,Repo,2000000000
RP 043020 1,2020-04-30,Repo,0
RP 043020 3,2020-04-30,Repo,12150000000
RP 050120 1,2020-05-01,Repo,0
RP 050120 3,2020-05-01,Repo,21400000000
RP 050420 1,2020-05-04,Repo,2000000000
RP 050420 2,2020-05-04,Repo,18350000000
RP 050520 1,2020-05-05,Repo,14500000000
RP 050620 1,2020-05-06,Repo,20800000000
RP 050720 1,2020-05-07,Repo,25900000000
RP 050820 2,2020-05-08,Repo,31100000000
RP 050820 1,2020-05-08,Repo,0
RP 051120 1,2020-05-11,Repo,17500000000
RP 051120 2,2020-05-11,Repo,33750000000
RP 051220 1,2020-05-12,Repo,41200000000
RP 051320 1,2020-05-13,Repo,1000000000
RP 051420 1,2020-05-14,Repo,9000000000
RP 051520 1,2020-05-15,Repo,14750000000
RP 051820 1,2020-05-18,Repo,3000000000
RP 051820 2,2020-05-18,Repo,0
RP 051920 1,2020-05-19,Repo,1000000000
RP 052020 1,2020-05-20,Repo,7000000000
RP 052120 1,2020-05-21,Repo,9500000000
RP 052220 1,2020-05-22,Repo,22800000000
RP 052620 1,2020-05-26,Repo,6300000000
RP 052620 2,2020-05-26,Repo,34500000000
RP 052720 1,2020-05-27,Repo,24650000000
RP 052820 1,2020-05-28,Repo,47000000000
RP 052920 1,2020-05-29,Repo,26000000000
RP 060120 1,2020-06-01,Repo,14000000000
RP 060120 2,2020-06-01,Repo,41400000000
RP 060220 1,2020-06-02,Repo,57350000000
RP 060320 1,2020-06-03,Repo,43100000000
RP 060420 1,2020-06-04,Repo,56100000000
RP 060520 1,2020-06-05,Repo,106250000000
RP 060820 1,2020-06-08,Repo,53200000000
RP 060820 2,2020-06-08,Repo,67050000000
RP 060920 1,2020-06-09,Repo,75900000000
RP 061020 1,2020-06-10,Repo,58550000000
RP 061120 1,2020-06-11,Repo,47850000000
RP 061220 1,2020-06-12,Repo,49200000000
RP 061520 1,2020-06-15,Repo,53350000000
RP 061620 2,2020-06-16,Repo,21900000000
RP 061620 1,2020-06-16,Repo,0
RP 061720 1,2020-06-17,Repo,4500000000
RP 061720 99,2020-06-17,Repo,53000000
RP 061820 1,2020-06-18,Repo,1000000000
RP 061920 1,2020-06-19,Repo,0
RP 062220 2,2020-06-22,Repo,0
RP 062320 1,2020-06-23,Repo,0
RP 062320 3,2020-06-23,Repo,0
RP 062420 2,2020-06-24,Repo,2000000000
RP 062520 2,2020-06-25,Repo,9000000000
RP 062620 2,2020-06-26,Repo,15000000000
RP 062920 2,2020-06-29,Repo,17500000000
RP 063020 1,2020-06-30,Repo,0
RP 063020 3,2020-06-30,Repo,4750000000
RP 070120 2,2020-07-01,Repo,7000000000
RP 070220 2,2020-07-02,Repo,5500000000
RP 070620 2,2020-07-06,Repo,0
RP 070720 1,2020-07-07,Repo,0
RP 070720 3,2020-07-07,Repo,0
RP 070820 2,2020-07-08,Repo,0
RP 070920 2,2020-07-09,Repo,0
RP 071020 2,2020-07-10,Repo,0
RP 071320 2,2020-07-13,Repo,0
RP 071420 4,2020-07-14,Repo,0
RP 071420 1,2020-07-14,Repo,0
RP 071520 2,2020-07-15,Repo,0
RP 071620 2,2020-07-16,Repo,0
RP 071720 2,2020-07-17,Repo,0
RP 072020 2,2020-07-20,Repo,0
RP 072120 1,2020-07-21,Repo,0
RP 072120 3,2020-07-21,Repo,0
RP 072220 2,2020-07-22,Repo,0
RP 072320 2,2020-07-23,Repo,0
RP 072420 2,2020-07-24,Repo,0
RP 072720 2,2020-07-27,Repo,0
RP 072820 1,2020-07-28,Repo,0
RP 072820 3,2020-07-28,Repo,0
RP 072920 2,2020-07-29,Repo,0
RP 073020 2,2020-07-30,Repo,0
RP 073120 2,2020-07-31,Repo,0
RP 080320 2,2020-08-03,Repo,0
RP 080420 1,2020-08-04,Repo,0
RP 080420 3,2020-08-04,Repo,0
RP 080520 2,2020-08-05,Repo,0
RP 080620 2,2020-08-06,Repo,0
RP 080720 2,2020-08-07,Repo,0
RP 081020 2,2020-08-10,Repo,0
RP 081120 1,2020-08-11,Repo,0
RP 081120 3,2020-08-11,Repo,0
RP 081220 2,2020-08-12,Repo,0
RP 081320 2,2020-08-13,Repo,0
RP 081420 2,2020-08-14,Repo,0
RP 081720 2,2020-08-17,Repo,0
RP 081820 1,2020-08-18,Repo,0
RP 081820 3,2020-08-18,Repo,0
RP 081920 2,2020-08-19,Repo,0
RP 082020 2,2020-08-20,Repo,0
RP 082120 2,2020-08-21,Repo,0
RP 082420 2,2020-08-24,Repo,0
RP 082520 1,2020-08-25,Repo,0
RP 082520 3,2020-08-25,Repo,0
RP 082620 2,2020-08-26,Repo,0
RP 082720 2,2020-08-27,Repo,0
RP 082820 2,2020-08-28,Repo,0
RP 083120 2,2020-08-31,Repo,0
RP 090120 1,2020-09-01,Repo,0
RP 090120 3,2020-09-01,Repo,0
RP 090220 2,2020-09-02,Repo,0
RP 090320 2,2020-09-03,Repo,0
RP 090420 3,2020-09-04,Repo,0
RP 090820 3,2020-09-08,Repo,0
RP 090820 1,2020-09-08,Repo,0
RP 090920 2,2020-09-09,Repo,0
RP 091020 2,2020-09-10,Repo,0
RP 091120 2,2020-09-11,Repo,0
RP 091420 2,2020-09-14,Repo,0
RP 091520 1,2020-09-15,Repo,0
RP 091520 3,2020-09-15,Repo,0
RP 091620 2,2020-09-16,Repo,0
RP 091720 2,2020-09-17,Repo,0
RP 091820 2,2020-09-18,Repo,0
RP 092120 2,2020-09-21,Repo,0
RP 092220 1,2020-09-22,Repo,0
RP 092220 3,2020-09-22,Repo,0
RP 092320 2,2020-09-23,Repo,0
RP 092420 2,2020-09-24,Repo,0
RP 092520 2,2020-09-25,Repo,0
RP 092820 2,2020-09-28,Repo,0
RP 092920 1,2020-09-29,Repo,0
RP 092920 3,2020-09-29,Repo,0
RP 093020 2,2020-09-30,Repo,0
RP 100120 2,2020-10-01,Repo,0
RP 100220 2,2020-10-02,Repo,0
RP 100520 2,2020-10-05,Repo,0
RP 100620 1,2020-10-06,Repo,0
RP 100620 3,2020-10-06,Repo,0
RP 100720 99,2020-10-07,Repo,59000000
RP 100720 2,2020-10-07,Repo,0
RP 100820 2,2020-10-08,Repo,0
RP 100920 2,2020-10-09,Repo,0
RP 101320 1,2020-10-13,Repo,0
RP 101320 3,2020-10-13,Repo,0
RP 101420 2,2020-10-14,Repo,0
RP 101520 2,2020-10-15,Repo,0
RP 101620 2,2020-10-16,Repo,0
RP 101920 2,2020-10-19,Repo,0
RP 102020 1,2020-10-20,Repo,0
RP 102020 3,2020-10-20,Repo,0
RP 102120 2,2020-10-21,Repo,0
RP 102220 2,2020-10-22,Repo,0
RP 102320 2,2020-10-23,Repo,0
RP 102620 2,2020-10-26,Repo,0
RP 102720 1,2020-10-27,Repo,0
RP 102720 3,2020-10-27,Repo,0
RP 102820 2,2020-10-28,Repo,0
RP 102920 2,2020-10-29,Repo,0
RP 103020 2,2020-10-30,Repo,0
RP 110220 2,2020-11-02,Repo,0
RP 110320 3,2020-11-03,Repo,0
RP 110320 1,2020-11-03,Repo,0
RP 110420 2,2020-11-04,Repo,0
RP 110520 2,2020-11-05,Repo,0
RP 110620 2,2020-11-06,Repo,0
RP 110920 2,2020-11-09,Repo,0
RP 111020 1,2020-11-10,Repo,0
RP 111020 3,2020-11-10,Repo,0
RP 111220 2,2020-11-12,Repo,0
RP 111320 2,2020-11-13,Repo,0
RP 111620 2,2020-11-16,Repo,0
RP 111720 1,2020-11-17,Repo,0
RP 111720 3,2020-11-17,Repo,0
RP 111820 2,2020-11-18,Repo,0
RP 111920 2,2020-11-19,Repo,0
RP 112020 2,2020-11-20,Repo,0
RP 112320 2,2020-11-23,Repo,0
RP 112420 1,2020-11-24,Repo,0
RP 112420 3,2020-11-24,Repo,0
RP 112520 2,2020-11-25,Repo,0
RP 112720 2,2020-11-27,Repo,0
RP 113020 2,2020-11-30,Repo,0
RP 120120 3,2020-12-01,Repo,0
RP 120120 1,2020-12-01,Repo,0
RP 120220 2,2020-12-02,Repo,0
RP 120320 2,2020-12-03,Repo,0
RP 120420 2,2020-12-04,Repo,0
RP 120720 2,2020-12-07,Repo,0
RP 120820 1,2020-12-08,Repo,0
RP 120820 3,2020-12-08,Repo,0
RP 120920 2,2020-12-09,Repo,0
RP 121020 2,2020-12-10,Repo,0
RP 121120 3,2020-12-11,Repo,0
RP 121420 2,2020-12-14,Repo,0
RP 121520 3,2020-12-15,Repo,0
RP 121520 1,2020-12-15,Repo,0
RP 121620 2,2020-12-16,Repo,0
RP 121720 2,2020-12-17,Repo,0
RP 121820 2,2020-12-18,Repo,0
RP 122120 2,2020-12-21,Repo,0
RP 122220 1,2020-12-22,Repo,0
RP 122220 3,2020-12-22,Repo,0
RP 122320 2,2020-12-23,Repo,0
RP 122420 2,2020-12-24,Repo,0
RP 122820 2,2020-12-28,Repo,0
RP 122920 3,2020-12-29,Repo,0
RP 122920 1,2020-12-29,Repo,0
RP 123020 2,2020-12-30,Repo,0
RP 123120 2,2020-12-31,Repo,0
RP 010421 2,2021-01-04,Repo,0
RP 010521 1,2021-01-05,Repo,0
RP 010521 3,2021-01-05,Repo,0
RP 010621 2,2021-01-06,Repo,0
RP 010721 2,2021-01-07,Repo,0
RP 010821 2,2021-01-08,Repo,0
RP 011121 2,2021-01-11,Repo,0
RP 011221 1,2021-01-12,Repo,0
RP 011221 3,2021-01-12,Repo,0
RP 011321 2,2021-01-13,Repo,0
RP 011421 2,2021-01-14,Repo,0
RP 011521 2,2021-01-15,Repo,0
RP 011921 1,2021-01-19,Repo,0
RP 011921 3,2021-01-19,Repo,0
RP 012021 2,2021-01-20,Repo,0
RP 012121 2,2021-01-21,Repo,0
RP 012221 2,2021-01-22,Repo,0
RP 012521 2,2021-01-25,Repo,0
RP 012621 1,2021-01-26,Repo,0
RP 012621 3,2021-01-26,Repo,0
RP 012721 2,2021-01-27,Repo,0
RP 012821 2,2021-01-28,Repo,0
RP 012921 2,2021-01-29,Repo,0
RP 020121 2,2021-02-01,Repo,0
RP 020221 3,2021-02-02,Repo,0
RP 020221 1,2021-02-02,Repo,0
RP 020321 2,2021-02-03,Repo,0
RP 020421 2,2021-02-04,Repo,0
RP 020521 2,2021-02-05,Repo,0
RP 020821 2,2021-02-08,Repo,0
RP 020921 3,2021-02-09,Repo,0
RP 020921 1,2021-02-09,Repo,0
RP 021021 2,2021-02-10,Repo,0
RP 021121 2,2021-02-11,Repo,0
RP 021221 2,2021-02-12,Repo,0
RP 021621 2,2021-02-16,Repo,0
RP 021721 2,2021-02-17,Repo,0
RP 021821 2,2021-02-18,Repo,0
RP 021921 2,2021-02-19,Repo,0
RP 022221 2,2021-02-22,Repo,0
RP 022321 2,2021-02-23,Repo,0
RP 022421 2,2021-02-24,Repo,0
RP 022521 2,2021-02-25,Repo,0
RP 022621 2,2021-02-26,Repo,0
RP 030121 2,2021-03-01,Repo,0
RP 030221 2,2021-03-02,Repo,0
RP 030321 2,2021-03-03,Repo,0
RP 030421 2,2021-03-04,Repo,0
RP 030521 2,2021-03-05,Repo,0
RP 030821 2,2021-03-08,Repo,0
RP 030921 2,2021-03-09,Repo,0
RP 031021 2,2021-03-10,Repo,0
RP 031121 2,2021-03-11,Repo,0
RP 031221 2,2021-03-12,Repo,0
RP 031521 2,2021-03-15,Repo,0
RP 031621 2,2021-03-16,Repo,0
RP 031721 2,2021-03-17,Repo,0
RP 031821 2,2021-03-18,Repo,0
RP 031921 2,2021-03-19,Repo,0
RP 032221 2,2021-03-22,Repo,0
RP 032321 2,2021-03-23,Repo,0
RP 032421 2,2021-03-24,Repo,0
RP 032521 2,2021-03-25,Repo,0
RP 032621 2,2021-03-26,Repo,0
RP 032921 2,2021-03-29,Repo,0
RP 033021 2,2021-03-30,Repo,0
RP 033121 2,2021-03-31,Repo,0
RP 040121 2,2021-04-01,Repo,0
RP 040521 2,2021-04-05,Repo,0
RP 040621 2,2021-04-06,Repo,0
RP 040721 2,2021-04-07,Repo,0
RP 040821 2,2021-04-08,Repo,0
RP 040921 2,2021-04-09,Repo,0
RP 041221 2,2021-04-12,Repo,0
RP 041321 2,2021-04-13,Repo,0
RP 041421 2,2021-04-14,Repo,0
RP 041521 2,2021-04-15,Repo,0
RP 041621 2,2021-04-16,Repo,0
RP 041921 2,2021-04-19,Repo,0
RP 042021 2,2021-04-20,Repo,0
RP 042121 2,2021-04-21,Repo,0
RP 042221 2,2021-04-22,Repo,0
RP 042321 2,2021-04-23,Repo,0
RP 042621 2,2021-04-26,Repo,0
RP 042721 2,2021-04-27,Repo,0
RP 042821 2,2021-04-28,Repo,0
RP 042921 2,2021-04-29,Repo,0
RP 043021 2,2021-04-30,Repo,0
RP 050321 2,2021-05-03,Repo,0
RP 050421 2,2021-05-04,Repo,0
RP 050521 2,2021-05-05,Repo,0
RP 050621 2,2021-05-06,Repo,0
RP 050721 2,2021-05-07,Repo,0
RP 051021 2,2021-05-10,Repo,0
RP 051121 2,2021-05-11,Repo,0
RP 051221 2,2021-05-12,Repo,0
RP 051321 2,2021-05-13,Repo,0
RP 051421 2,2021-05-14,Repo,0
RP 051721 2,2021-05-17,Repo,0
RP 051821 2,2021-05-18,Repo,0
RP 051921 2,2021-05-19,Repo,0
RP 052021 2,2021-05-20,Repo,0
RP 052121 2,2021-05-21,Repo,0
RP 052421 2,2021-05-24,Repo,0
RP 052521 2,2021-05-25,Repo,0
RP 052621 99,2021-05-26,Repo,46000000
RP 052621 2,2021-05-26,Repo,0
RP 052721 2,2021-05-27,Repo,0
RP 052821 2,2021-05-28,Repo,0
RP 060121 2,2021-06-01,Repo,0
RP 060221 2,2021-06-02,Repo,0
RP 060321 2,2021-06-03,Repo,0
RP 060421 2,2021-06-04,Repo,0
RP 060721 2,2021-06-07,Repo,0
RP 060821 2,2021-06-08,Repo,0
RP 060921 2,2021-06-09,Repo,0
RP 061021 2,2021-06-10,Repo,0
RP 061121 2,2021-06-11,Repo,0
RP 061421 2,2021-06-14,Repo,0
RP 061521 2,2021-06-15,Repo,0
RP 061621 2,2021-06-16,Repo,0
RP 061721 2,2021-06-17,Repo,0
RP 061821 2,2021-06-18,Repo,0
RP 062121 2,2021-06-21,Repo,0
RP 062221 2,2021-06-22,Repo,0
RP 062321 2,2021-06-23,Repo,0
RP 062421 2,2021-06-24,Repo,0
RP 062521 2,2021-06-25,Repo,0
RP 062821 2,2021-06-28,Repo,0
RP 062921 2,2021-06-29,Repo,0
RP 063021 2,2021-06-30,Repo,0
RP 070121 2,2021-07-01,Repo,0
RP 070221 2,2021-07-02,Repo,0
RP 070621 2,2021-07-06,Repo,0
RP 070721 2,2021-07-07,Repo,0
RP 070821 2,2021-07-08,Repo,0
RP 070921 2,2021-07-09,Repo,0
RP 071221 2,2021-07-12,Repo,0
RP 071321 2,2021-07-13,Repo,0
RP 071421 2,2021-07-14,Repo,0
RP 071521 2,2021-07-15,Repo,0
RP 071621 2,2021-07-16,Repo,0
RP 071921 2,2021-07-19,Repo,0
RP 072021 2,2021-07-20,Repo,0
RP 072121 2,2021-07-21,Repo,0
RP 072221 2,2021-07-22,Repo,0
RP 072321 2,2021-07-23,Repo,0
RP 072621 2,2021-07-26,Repo,0
RP 072721 2,2021-07-27,Repo,0
RP 072821 2,2021-07-28,Repo,0
RP 072921 2,2021-07-29,Repo,0
RP 073021 2,2021-07-30,Repo,0
RP 080221 2,2021-08-02,Repo,0
RP 080321 2,2021-08-03,Repo,0
RP 080421 2,2021-08-04,Repo,0
RP 080521 2,2021-08-05,Repo,0
RP 080621 2,2021-08-06,Repo,0
RP 080921 2,2021-08-09,Repo,0
RP 081021 2,2021-08-10,Repo,0
RP 081121 2,2021-08-11,Repo,0
RP 081221 2,2021-08-12,Repo,0
RP 081321 2,2021-08-13,Repo,0
RP 081621 2,2021-08-16,Repo,0
RP 081721 2,2021-08-17,Repo,0
RP 081821 2,2021-08-18,Repo,0
RP 081921 2,2021-08-19,Repo,0
RP 082021 2,2021-08-20,Repo,0
RP 082321 2,2021-08-23,Repo,0
RP 082421 2,2021-08-24,Repo,0
RP 082521 2,2021-08-25,Repo,0
RP 082621 2,2021-08-26,Repo,0
RP 082721 2,2021-08-27,Repo,0
RP 083021 2,2021-08-30,Repo,0
RP 083121 2,2021-08-31,Repo,0
RP 090121 2,2021-09-01,Repo,0
RP 090221 2,2021-09-02,Repo,0
RP 090321 2,2021-09-03,Repo,0
RP 090721 2,2021-09-07,Repo,0
RP 090821 2,2021-09-08,Repo,0
RP 090921 2,2021-09-09,Repo,0
RP 091021 2,2021-09-10,Repo,0
RP 091321 2,2021-09-13,Repo,0
RP 091421 2,2021-09-14,Repo,0
RP 091521 2,2021-09-15,Repo,0
RP 091621 2,2021-09-16,Repo,0
RP 091721 2,2021-09-17,Repo,0
RP 092021 2,2021-09-20,Repo,0
RP 092121 2,2021-09-21,Repo,0
RP 092221 2,2021-09-22,Repo,0
RP 092321 2,2021-09-23,Repo,1000000
RP 092421 2,2021-09-24,Repo,0
RP 092721 2,2021-09-27,Repo,0
RP 092821 2,2021-09-28,Repo,0
RP 092921 2,2021-09-29,Repo,0
RP 093021 2,2021-09-30,Repo,1000000
RP 100121 2,2021-10-01,Repo,0
RP 100421 2,2021-10-04,Repo,1000000
RP 100521 2,2021-10-05,Repo,1000000
RP 100621 2,2021-10-06,Repo,0
RP 100721 2,2021-10-07,Repo,0
RP 100821 2,2021-10-08,Repo,0
RP 101221 2,2021-10-12,Repo,0
RP 101321 2,2021-10-13,Repo,0
RP 101421 2,2021-10-14,Repo,2000000
RP 101521 2,2021-10-15,Repo,0
RP 101821 2,2021-10-18,Repo,0
RP 101921 2,2021-10-19,Repo,0
RP 102021 2,2021-10-20,Repo,0
RP 102121 2,2021-10-21,Repo,0
RP 102221 3,2021-10-22,Repo,0
RP 102521 2,2021-10-25,Repo,3000000
RP 102621 2,2021-10-26,Repo,0
RP 102721 2,2021-10-27,Repo,0
RP 102821 2,2021-10-28,Repo,0
RP 102921 2,2021-10-29,Repo,0
RP 110121 2,2021-11-01,Repo,0
RP 110221 2,2021-11-02,Repo,0
RP 110321 2,2021-11-03,Repo,0
RP 110421 2,2021-11-04,Repo,0
RP 110521 2,2021-11-05,Repo,0
RP 110821 2,2021-11-08,Repo,0
RP 110921 2,2021-11-09,Repo,0
RP 111021 2,2021-11-10,Repo,0
RP 111221 2,2021-11-12,Repo,0
RP 111521 2,2021-11-15,Repo,0
RP 111621 2,2021-11-16,Repo,0
RP 111721 2,2021-11-17,Repo,0
RP 111821 2,2021-11-18,Repo,0
RP 111921 2,2021-11-19,Repo,0
RP 112221 2,2021-11-22,Repo,0
RP 112321 2,2021-11-23,Repo,0
RP 112421 2,2021-11-24,Repo,0
RP 112621 2,2021-11-26,Repo,0
RP 112921 2,2021-11-29,Repo,0
RP 113021 2,2021-11-30,Repo,0
RP 120121 2,2021-12-01,Repo,0
RP 120221 2,2021-12-02,Repo,0
RP 120321 2,2021-12-03,Repo,0
RP 120621 2,2021-12-06,Repo,0
RP 120721 2,2021-12-07,Repo,0
RP 120821 2,2021-12-08,Repo,1000000
RP 120921 2,2021-12-09,Repo,0
RP 121021 2,2021-12-10,Repo,3000000
RP 121321 2,2021-12-13,Repo,0
RP 121421 2,2021-12-14,Repo,0
RP 121521 2,2021-12-15,Repo,0
RP 121621 2,2021-12-16,Repo,0
RP 121721 2,2021-12-17,Repo,0
RP 122021 2,2021-12-20,Repo,0
RP 122121 2,2021-12-21,Repo,0
RP 122221 2,2021-12-22,Repo,0
RP 122321 2,2021-12-23,Repo,0
RP 122721 2,2021-12-27,Repo,0
RP 122821 2,2021-12-28,Repo,3000000
RP 122921 2,2021-12-29,Repo,0
RP 123021 2,2021-12-30,Repo,3000000
RP 123121 2,2021-12-31,Repo,0
RP 010322 2,2022-01-03,Repo,3000000
RP 010422 2,2022-01-04,Repo,6000000
RP 010522 2,2022-01-05,Repo,0
RP 010622 2,2022-01-06,Repo,0
RP 010722 2,2022-01-07,Repo,0
RP 011022 2,2022-01-10,Repo,0
RP 011122 2,2022-01-11,Repo,1000000
RP 011222 2,2022-01-12,Repo,0
RP 011322 2,2022-01-13,Repo,0
RP 011422 2,2022-01-14,Repo,0
RP 011822 2,2022-01-18,Repo,0
RP 011922 2,2022-01-19,Repo,0
RP 012022 2,2022-01-20,Repo,0
RP 012122 2,2022-01-21,Repo,0
RP 012422 2,2022-01-24,Repo,0
RP 012522 2,2022-01-25,Repo,0
RP 012622 2,2022-01-26,Repo,0
RP 012722 2,2022-01-27,Repo,0
RP 012822 2,2022-01-28,Repo,0
RP 013122 2,2022-01-31,Repo,0
RP 020122 2,2022-02-01,Repo,0
RP 020222 2,2022-02-02,Repo,0
RP 020322 2,2022-02-03,Repo,0
RP 020422 2,2022-02-04,Repo,0
RP 020722 2,2022-02-07,Repo,0
RP 020822 2,2022-02-08,Repo,0
RP 020922 2,2022-02-09,Repo,0
RP 021022 2,2022-02-10,Repo,0
RP 021122 2,2022-02-11,Repo,0
RP 021422 2,2022-02-14,Repo,0
RP 021522 2,2022-02-15,Repo,0
RP 021622 2,2022-02-16,Repo,0
RP 021722 2,2022-02-17,Repo,0
RP 021822 2,2022-02-18,Repo,0
RP 022222 2,2022-02-22,Repo,0
RP 022322 2,2022-02-23,Repo,0
RP 022422 2,2022-02-24,Repo,0
RP 022522 2,2022-02-25,Repo,0
RP 022822 2,2022-02-28,Repo,0
RP 030122 2,2022-03-01,Repo,0
RP 030222 2,2022-03-02,Repo,0
RP 030322 2,2022-03-03,Repo,1000000
RP 030422 2,2022-03-04,Repo,0
RP 030722 2,2022-03-07,Repo,0
RP 030822 2,2022-03-08,Repo,0
RP 030922 2,2022-03-09,Repo,0
RP 031022 2,2022-03-10,Repo,0
RP 031122 2,2022-03-11,Repo,0
RP 031422 2,2022-03-14,Repo,0
RP 031522 2,2022-03-15,Repo,0
RP 031622 2,2022-03-16,Repo,0
RP 031722 2,2022-03-17,Repo,0
RP 031822 2,2022-03-18,Repo,0
RP 032122 2,2022-03-21,Repo,0
RP 032222 2,2022-03-22,Repo,0
RP 032322 2,2022-03-23,Repo,0
RP 032422 3,2022-03-24,Repo,0
RP 032522 2,2022-03-25,Repo,0
RP 032822 2,2022-03-28,Repo,0
RP 032922 2,2022-03-29,Repo,0
RP 033022 3,2022-03-30,Repo,1000000
RP 033122 2,2022-03-31,Repo,0
RP 040122 2,2022-04-01,Repo,0
RP 040422 2,2022-04-04,Repo,0
RP 040522 2,2022-04-05,Repo,0
RP 040622 2,2022-04-06,Repo,1000000
RP 040722 2,2022-04-07,Repo,1000000
RP 040822 2,2022-04-08,Repo,0
RP 041122 3,2022-04-11,Repo,0
RP 041122 1,2022-04-11,Repo,61000000
RP 041222 2,2022-04-12,Repo,0
RP 041322 2,2022-04-13,Repo,0
RP 041422 2,2022-04-14,Repo,0
RP 041822 2,2022-04-18,Repo,0
RP 041922 2,2022-04-19,Repo,0
RP 042022 2,2022-04-20,Repo,0
RP 042122 2,2022-04-21,Repo,0
RP 042222 2,2022-04-22,Repo,0
RP 042522 2,2022-04-25,Repo,0
RP 042622 2,2022-04-26,Repo,0
RP 042722 2,2022-04-27,Repo,0
RP 042822 2,2022-04-28,Repo,2000000
RP 042922 2,2022-04-29,Repo,0
RP 050222 3,2022-05-02,Repo,0
RP 050322 2,2022-05-03,Repo,0
RP 050422 2,2022-05-04,Repo,1000000
RP 050522 2,2022-05-05,Repo,0
RP 050622 2,2022-05-06,Repo,0
RP 050922 2,2022-05-09,Repo,0
RP 051022 2,2022-05-10,Repo,0
RP 051122 2,2022-05-11,Repo,0
RP 051222 2,2022-05-12,Repo,0
RP 051322 2,2022-05-13,Repo,0
RP 051622 2,2022-05-16,Repo,0
RP 051722 2,2022-05-17,Repo,0
RP 051822 2,2022-05-18,Repo,0
RP 051922 2,2022-05-19,Repo,3000000
RP 052022 2,2022-05-20,Repo,0
RP 052322 2,2022-05-23,Repo,0
RP 052422 2,2022-05-24,Repo,0
RP 052522 2,2022-05-25,Repo,0
RP 052622 2,2022-05-26,Repo,0
RP 052722 2,2022-05-27,Repo,0
RP 053122 2,2022-05-31,Repo,1000000
RP 060122 2,2022-06-01,Repo,0
RP 060222 2,2022-06-02,Repo,0
RP 060322 2,2022-06-03,Repo,0
RP 060622 2,2022-06-06,Repo,0
RP 060722 2,2022-06-07,Repo,0
RP 060822 2,2022-06-08,Repo,0
RP 060922 2,2022-06-09,Repo,0
RP 061022 2,2022-06-10,Repo,0
RP 061322 2,2022-06-13,Repo,0
RP 061422 2,2022-06-14,Repo,0
RP 061522 2,2022-06-15,Repo,0
RP 061622 2,2022-06-16,Repo,0
RP 061722 2,2022-06-17,Repo,0
RP 062122 2,2022-06-21,Repo,0
RP 062222 2,2022-06-22,Repo,0
RP 062322 2,2022-06-23,Repo,1000000
RP 062422 2,2022-06-24,Repo,0
RP 062722 2,2022-06-27,Repo,0
RP 062822 2,2022-06-28,Repo,0
RP 062922 2,2022-06-29,Repo,1000000
RP 063022 2,2022-06-30,Repo,0
RP 070122 2,2022-07-01,Repo,0
RP 070522 2,2022-07-05,Repo,0
RP 070622 2,2022-07-06,Repo,0
RP 070722 2,2022-07-07,Repo,1000000
RP 070822 2,2022-07-08,Repo,0
RP 071122 2,2022-07-11,Repo,0
RP 071222 2,2022-07-12,Repo,2000000
RP 071322 2,2022-07-13,Repo,2000000
RP 071422 2,2022-07-14,Repo,0
RP 071522 2,2022-07-15,Repo,0
RP 071822 2,2022-07-18,Repo,0
RP 071922 2,2022-07-19,Repo,0
RP 072022 2,2022-07-20,Repo,0
RP 072122 2,2022-07-21,Repo,0
RP 072222 2,2022-07-22,Repo,0
RP 072522 2,2022-07-25,Repo,0
RP 072622 2,2022-07-26,Repo,0
RP 072722 2,2022-07-27,Repo,1000000
RP 072822 2,2022-07-28,Repo,1000000
RP 072922 2,2022-07-29,Repo,0
RP 080122 2,2022-08-01,Repo,4000000
RP 080222 2,2022-08-02,Repo,0
RP 080322 2,2022-08-03,Repo,0
RP 080422 2,2022-08-04,Repo,3000000
RP 080522 2,2022-08-05,Repo,0
RP 080822 2,2022-08-08,Repo,0
RP 080922 2,2022-08-09,Repo,0
RP 081022 2,2022-08-10,Repo,0
RP 081122 2,2022-08-11,Repo,0
RP 081222 2,2022-08-12,Repo,0
RP 081522 2,2022-08-15,Repo,3000000
RP 081622 2,2022-08-16,Repo,4000000
RP 081722 2,2022-08-17,Repo,0
RP 081822 2,2022-08-18,Repo,0
RP 081922 2,2022-08-19,Repo,0
RP 082222 2,2022-08-22,Repo,0
RP 082322 2,2022-08-23,Repo,0
RP 082422 2,2022-08-24,Repo,0
RP 082522 2,2022-08-25,Repo,0
RP 082622 2,2022-08-26,Repo,0
RP 082922 2,2022-08-29,Repo,0
RP 083022 2,2022-08-30,Repo,0
RP 083122 2,2022-08-31,Repo,0
RP 090122 2,2022-09-01,Repo,3000000
RP 090222 2,2022-09-02,Repo,0
RP 090622 2,2022-09-06,Repo,0
RP 090722 2,2022-09-07,Repo,5000000
RP 090822 2,2022-09-08,Repo,0
RP 090822 99,2022-09-08,Repo,61000000
RP 090922 2,2022-09-09,Repo,0
RP 091222 2,2022-09-12,Repo,0
RP 091322 2,2022-09-13,Repo,0
RP 091422 2,2022-09-14,Repo,0
RP 091522 2,2022-09-15,Repo,0
RP 091622 2,2022-09-16,Repo,0
RP 091922 2,2022-09-19,Repo,0
RP 092022 2,2022-09-20,Repo,0
RP 092122 2,2022-09-21,Repo,0
RP 092222 2,2022-09-22,Repo,0
RP 092322 2,2022-09-23,Repo,0
RP 092622 2,2022-09-26,Repo,0
RP 092722 2,2022-09-27,Repo,0
RP 092822 2,2022-09-28,Repo,0
RP 092922 2,2022-09-29,Repo,0
RP 093022 2,2022-09-30,Repo,0
RP 100322 2,2022-10-03,Repo,3000000
RP 100422 2,2022-10-04,Repo,0
RP 100522 2,2022-10-05,Repo,0
RP 100622 2,2022-10-06,Repo,0
RP 100722 2,2022-10-07,Repo,0
RP 101122 2,2022-10-11,Repo,0
RP 101222 2,2022-10-12,Repo,0
RP 101322 2,2022-10-13,Repo,0
RP 101422 2,2022-10-14,Repo,0
RP 101722 2,2022-10-17,Repo,0
RP 101822 2,2022-10-18,Repo,0
RP 101922 2,2022-10-19,Repo,10000000
RP 102022 2,2022-10-20,Repo,2000000
RP 102122 2,2022-10-21,Repo,3000000
RP 102422 2,2022-10-24,Repo,0
RP 102522 2,2022-10-25,Repo,1000000
RP 102622 2,2022-10-26,Repo,1000000
RP 102722 2,2022-10-27,Repo,0
RP 102822 2,2022-10-28,Repo,0
RP 103122 2,2022-10-31,Repo,0
RP 110122 2,2022-11-01,Repo,0
RP 110222 2,2022-11-02,Repo,0
RP 110322 2,2022-11-03,Repo,1000000
RP 110422 2,2022-11-04,Repo,0
RP 110722 2,2022-11-07,Repo,0
RP 110822 2,2022-11-08,Repo,1000000
RP 110922 2,2022-11-09,Repo,1000000
RP 111022 2,2022-11-10,Repo,0
RP 111422 2,2022-11-14,Repo,0
RP 111522 2,2022-11-15,Repo,0
RP 111622 2,2022-11-16,Repo,10000000
RP 111722 2,2022-11-17,Repo,0
RP 111822 2,2022-11-18,Repo,0
RP 112122 2,2022-11-21,Repo,0
RP 112222 2,2022-11-22,Repo,0
RP 112322 2,2022-11-23,Repo,0
RP 112522 2,2022-11-25,Repo,0
RP 112822 2,2022-11-28,Repo,0
RP 112922 2,2022-11-29,Repo,0
RP 113022 2,2022-11-30,Repo,0
RP 120122 2,2022-12-01,Repo,0
RP 120222 2,2022-12-02,Repo,10000000
RP 120522 2,2022-12-05,Repo,3000000
RP 120622 2,2022-12-06,Repo,3000000
RP 120722 2,2022-12-07,Repo,0
RP 120822 2,2022-12-08,Repo,0
RP 120922 2,2022-12-09,Repo,0
RP 121222 2,2022-12-12,Repo,0
RP 121322 2,2022-12-13,Repo,0
RP 121422 2,2022-12-14,Repo,3000000
RP 121522 2,2022-12-15,Repo,1000000
RP 121622 2,2022-12-16,Repo,4000000
RP 121922 2,2022-12-19,Repo,0
RP 122022 2,2022-12-20,Repo,0
RP 122122 2,2022-12-21,Repo,0
RP 122222 2,2022-12-22,Repo,0
RP 122322 2,2022-12-23,Repo,0
RP 122722 2,2022-12-27,Repo,0
RP 122822 2,2022-12-28,Repo,0
RP 122922 2,2022-12-29,Repo,0
RP 123022 2,2022-12-30,Repo,0
RP 010323 2,2023-01-03,Repo,0
RP 010423 2,2023-01-04,Repo,1000000
RP 010523 2,2023-01-05,Repo,0
RP 010623 2,2023-01-06,Repo,1000000
RP 010923 2,2023-01-09,Repo,0
RP 011023 2,2023-01-10,Repo,0
RP 011123 2,2023-01-11,Repo,0
RP 011223 2,2023-01-12,Repo,0
RP 011323 2,2023-01-13,Repo,0
RP 011723 2,2023-01-17,Repo,3000000
RP 011823 2,2023-01-18,Repo,1000000
RP 011923 2,2023-01-19,Repo,3000000
RP 012023 2,2023-01-20,Repo,3000000
RP 012323 2,2023-01-23,Repo,0
RP 012423 2,2023-01-24,Repo,1000000
RP 012523 2,2023-01-25,Repo,0
RP 012623 2,2023-01-26,Repo,0
RP 012723 2,2023-01-27,Repo,0
RP 013023 2,2023-01-30,Repo,0
RP 013123 2,2023-01-31,Repo,3000000
RP 020123 2,2023-02-01,Repo,11000000
RP 020223 2,2023-02-02,Repo,1000000
RP 020323 2,2023-02-03,Repo,0
RP 020623 2,2023-02-06,Repo,0
RP 020723 2,2023-02-07,Repo,1000000
RP 020823 2,2023-02-08,Repo,1000000
RP 020923 2,2023-02-09,Repo,0
RP 021023 2,2023-02-10,Repo,0
RP 021323 2,2023-02-13,Repo,0
RP 021423 2,2023-02-14,Repo,0
RP 021523 2,2023-02-15,Repo,0
RP 021623 2,2023-02-16,Repo,0
RP 021723 2,2023-02-17,Repo,0
RP 022123 2,2023-02-21,Repo,1000000
RP 022223 2,2023-02-22,Repo,0
RP 022323 2,2023-02-23,Repo,2000000
RP 022423 2,2023-02-24,Repo,0
RP 022723 2,2023-02-27,Repo,2000000
RP 022823 2,2023-02-28,Repo,0
RP 030123 2,2023-03-01,Repo,0
RP 030223 2,2023-03-02,Repo,0
RP 030323 2,2023-03-03,Repo,4000000
RP 030623 2,2023-03-06,Repo,2000000
RP 030723 2,2023-03-07,Repo,0
RP 030823 3,2023-03-08,Repo,0
RP 030823 1,2023-03-08,Repo,56000000
RP 030923 2,2023-03-09,Repo,3000000
RP 031023 2,2023-03-10,Repo,0
RP 031323 2,2023-03-13,Repo,0
RP 031423 2,2023-03-14,Repo,0
RP 031523 2,2023-03-15,Repo,0
RP 031623 2,2023-03-16,Repo,0
RP 031723 2,2023-03-17,Repo,0
RP 032023 2,2023-03-20,Repo,1000000
RP 032123 2,2023-03-21,Repo,1000000
RP 032223 2,2023-03-22,Repo,7000000
RP 032323 2,2023-03-23,Repo,4000000
RP 032423 2,2023-03-24,Repo,0
RP 032723 2,2023-03-27,Repo,0
RP 032823 2,2023-03-28,Repo,7000000
RP 032923 2,2023-03-29,Repo,0
RP 033023 2,2023-03-30,Repo,0
RP 033123 2,2023-03-31,Repo,0
RP 040323 2,2023-04-03,Repo,1000000
RP 040423 2,2023-04-04,Repo,0
RP 040523 2,2023-04-05,Repo,0
RP 040623 2,2023-04-06,Repo,0
RP 041023 2,2023-04-10,Repo,3000000
RP 041123 2,2023-04-11,Repo,0
RP 041223 2,2023-04-12,Repo,0
RP 041323 2,2023-04-13,Repo,0
RP 041423 2,2023-04-14,Repo,0
RP 041723 2,2023-04-17,Repo,0
RP 041823 2,2023-04-18,Repo,0
RP 041923 2,2023-04-19,Repo,0
RP 042023 2,2023-04-20,Repo,0
RP 042123 2,2023-04-21,Repo,0
RP 042423 2,2023-04-24,Repo,0
RP 042523 2,2023-04-25,Repo,0
RP 042623 2,2023-04-26,Repo,0
RP 042723 2,2023-04-27,Repo,0
RP 042823 2,2023-04-28,Repo,0
RP 050123 2,2023-05-01,Repo,0
RP 050223 2,2023-05-02,Repo,1000000
RP 050323 2,2023-05-03,Repo,0
RP 050423 2,2023-05-04,Repo,13000000
RP 050523 2,2023-05-05,Repo,1000000
RP 050823 2,2023-05-08,Repo,3000000
RP 050923 2,2023-05-09,Repo,20000000
RP 051023 2,2023-05-10,Repo,25000000
RP 051123 2,2023-05-11,Repo,0
RP 051223 2,2023-05-12,Repo,0
RP 051523 2,2023-05-15,Repo,3000000
RP 051623 2,2023-05-16,Repo,7000000
RP 051723 2,2023-05-17,Repo,6000000
RP 051823 2,2023-05-18,Repo,0
RP 051923 2,2023-05-19,Repo,0
RP 052223 2,2023-05-22,Repo,0
RP 052323 2,2023-05-23,Repo,0
RP 052323 99,2023-05-23,Repo,76000000
RP 052423 2,2023-05-24,Repo,28000000
RP 052523 2,2023-05-25,Repo,0
RP 052623 2,2023-05-26,Repo,0
RP 053023 2,2023-05-30,Repo,0
RP 053123 2,2023-05-31,Repo,0
RP 060123 2,2023-06-01,Repo,0
RP 060223 2,2023-06-02,Repo,0
RP 060523 2,2023-06-05,Repo,0
RP 060623 2,2023-06-06,Repo,0
RP 060723 2,2023-06-07,Repo,0
RP 060823 2,2023-06-08,Repo,6000000
RP 060923 2,2023-06-09,Repo,0
RP 061223 2,2023-06-12,Repo,0
RP 061323 2,2023-06-13,Repo,0
RP 061423 2,2023-06-14,Repo,0
RP 061523 2,2023-06-15,Repo,0
RP 061623 2,2023-06-16,Repo,0
RP 062023 2,2023-06-20,Repo,0
RP 062123 2,2023-06-21,Repo,2000000
RP 062223 2,2023-06-22,Repo,0
RP 062323 2,2023-06-23,Repo,0
RP 062623 2,2023-06-26,Repo,0
RP 062723 2,2023-06-27,Repo,3000000
RP 062823 2,2023-06-28,Repo,0
RP 062923 2,2023-06-29,Repo,0
RP 063023 2,2023-06-30,Repo,0
RP 070323 2,2023-07-03,Repo,0
RP 070523 2,2023-07-05,Repo,0
RP 070623 2,2023-07-06,Repo,10000000
RP 070723 2,2023-07-07,Repo,0
RP 071023 2,2023-07-10,Repo,0
RP 071123 2,2023-07-11,Repo,1000000
RP 071223 2,2023-07-12,Repo,3000000
RP 071323 2,2023-07-13,Repo,0
RP 071423 2,2023-07-14,Repo,0
RP 071723 1,2023-07-17,Repo,0
RP 071823 2,2023-07-18,Repo,0
RP 071923 2,2023-07-19,Repo,25000000
RP 072023 2,2023-07-20,Repo,1000000
RP 072123 2,2023-07-21,Repo,0
RP 072423 2,2023-07-24,Repo,2000000
RP 072523 2,2023-07-25,Repo,0
RP 072623 2,2023-07-26,Repo,0
RP 072723 2,2023-07-27,Repo,1000000
RP 072823 2,2023-07-28,Repo,0
RP 073123 2,2023-07-31,Repo,0
RP 080123 2,2023-08-01,Repo,2000000
RP 080223 2,2023-08-02,Repo,1000000
RP 080323 2,2023-08-03,Repo,1000000
RP 080423 2,2023-08-04,Repo,0
RP 080723 2,2023-08-07,Repo,0
RP 080823 2,2023-08-08,Repo,0
RP 080923 2,2023-08-09,Repo,0
RP 081023 2,2023-08-10,Repo,6000000
RP 081123 2,2023-08-11,Repo,3000000
RP 081423 2,2023-08-14,Repo,0
RP 081523 2,2023-08-15,Repo,1000000
RP 081623 2,2023-08-16,Repo,1000000
RP 081723 2,2023-08-17,Repo,1000000
RP 081823 2,2023-08-18,Repo,0
RP 082123 2,2023-08-21,Repo,0
RP 082223 2,2023-08-22,Repo,0
RP 082323 2,2023-08-23,Repo,0
RP 082423 2,2023-08-24,Repo,0
RP 082523 2,2023-08-25,Repo,0
RP 082823 2,2023-08-28,Repo,0
RP 082923 2,2023-08-29,Repo,1000000
RP 083023 2,2023-08-30,Repo,0
RP 083123 2,2023-08-31,Repo,0
RP 090123 2,2023-09-01,Repo,0
RP 090523 2,2023-09-05,Repo,13000000
RP 090623 2,2023-09-06,Repo,1000000
RP 090723 2,2023-09-07,Repo,14000000
RP 090823 2,2023-09-08,Repo,0
RP 091123 2,2023-09-11,Repo,1000000
RP 091223 2,2023-09-12,Repo,0
RP 091323 2,2023-09-13,Repo,0
RP 091423 2,2023-09-14,Repo,12000000
RP 091523 2,2023-09-15,Repo,0
RP 091823 2,2023-09-18,Repo,0
RP 091923 2,2023-09-19,Repo,0
RP 092023 2,2023-09-20,Repo,0
RP 092123 2,2023-09-21,Repo,2000000
RP 092223 2,2023-09-22,Repo,0
RP 092523 2,2023-09-25,Repo,0
RP 092623 2,2023-09-26,Repo,0
RP 092723 2,2023-09-27,Repo,2000000
RP 092823 2,2023-09-28,Repo,1000000
RP 092923 2,2023-09-29,Repo,0
RP 100223 2,2023-10-02,Repo,0
RP 100323 2,2023-10-03,Repo,1000000
RP 100423 2,2023-10-04,Repo,0
RP 100523 2,2023-10-05,Repo,0
RP 100623 2,2023-10-06,Repo,0
RP 101023 2,2023-10-10,Repo,0
RP 101123 2,2023-10-11,Repo,0
RP 101223 2,2023-10-12,Repo,2000000
RP 101323 2,2023-10-13,Repo,0
RP 101623 2,2023-10-16,Repo,0
RP 101723 2,2023-10-17,Repo,0
RP 101823 2,2023-10-18,Repo,0
RP 101923 2,2023-10-19,Repo,0
RP 102023 2,2023-10-20,Repo,1000000
RP 102323 2,2023-10-23,Repo,5000000
RP 102423 2,2023-10-24,Repo,0
RP 102523 2,2023-10-25,Repo,1000000
RP 102623 2,2023-10-26,Repo,3000000
RP 102723 2,2023-10-27,Repo,3000000
RP 103023 2,2023-10-30,Repo,0
RP 103123 2,2023-10-31,Repo,0
RP 110123 2,2023-11-01,Repo,0
RP 110223 2,2023-11-02,Repo,0
RP 110323 2,2023-11-03,Repo,0
RP 110623 2,2023-11-06,Repo,3000000
RP 110723 2,2023-11-07,Repo,3000000
RP 110823 2,2023-11-08,Repo,0
RP 110923 2,2023-11-09,Repo,10000000
RP 111023 2,2023-11-10,Repo,0
RP 111323 2,2023-11-13,Repo,0
RP 111423 2,2023-11-14,Repo,10000000
RP 111523 99,2023-11-15,Repo,76000000
RP 111523 2,2023-11-15,Repo,0
RP 111623 2,2023-11-16,Repo,0
RP 111723 2,2023-11-17,Repo,0
RP 112023 2,2023-11-20,Repo,0
RP 112123 2,2023-11-21,Repo,0
RP 112223 2,2023-11-22,Repo,0
RP 112423 2,2023-11-24,Repo,0
RP 112723 3,2023-11-27,Repo,0
RP 112823 2,2023-11-28,Repo,1000000
RP 112923 2,2023-11-29,Repo,3000000
RP 113023 2,2023-11-30,Repo,0
RP 120123 2,2023-12-01,Repo,1000000
RP 120423 2,2023-12-04,Repo,0
RP 120523 2,2023-12-05,Repo,203000000
RP 120623 2,2023-12-06,Repo,6000000
RP 120723 2,2023-12-07,Repo,20000000
RP 120823 2,2023-12-08,Repo,0
RP 121123 2,2023-12-11,Repo,0
RP 121223 2,2023-12-12,Repo,5000000
RP 121323 2,2023-12-13,Repo,7000000
RP 121423 2,2023-12-14,Repo,6000000
RP 121523 2,2023-12-15,Repo,0
RP 121823 2,2023-12-18,Repo,3000000
RP 121923 2,2023-12-19,Repo,0
RP 122023 2,2023-12-20,Repo,0
RP 122123 2,2023-12-21,Repo,3000000
RP 122223 2,2023-12-22,Repo,3000000
RP 122623 2,2023-12-26,Repo,0
RP 122723 2,2023-12-27,Repo,0
RP 122823 2,2023-12-28,Repo,0
RP 122923 2,2023-12-29,Repo,0
RP 010224 2,2024-01-02,Repo,0
RP 010324 2,2024-01-03,Repo,0
RP 010424 2,2024-01-04,Repo,0
RP 010524 2,2024-01-05,Repo,0
RP 010824 2,2024-01-08,Repo,0
RP 010924 2,2024-01-09,Repo,0
RP 011024 2,2024-01-10,Repo,0
RP 011124 2,2024-01-11,Repo,0
RP 011224 2,2024-01-12,Repo,1000000
RP 011624 2,2024-01-16,Repo,0
RP 011724 2,2024-01-17,Repo,0
RP 011824 2,2024-01-18,Repo,3000000
RP 011924 2,2024-01-19,Repo,0
RP 012224 2,2024-01-22,Repo,1000000
RP 012324 2,2024-01-23,Repo,1000000
RP 012424 2,2024-01-24,Repo,0
RP 012524 2,2024-01-25,Repo,4000000
RP 012624 2,2024-01-26,Repo,0
RP 012924 2,2024-01-29,Repo,4000000
RP 013024 2,2024-01-30,Repo,0
RP 013124 2,2024-01-31,Repo,0
RP 020124 2,2024-02-01,Repo,0
RP 020224 2,2024-02-02,Repo,0
RP 020524 2,2024-02-05,Repo,1000000
RP 020624 2,2024-02-06,Repo,0
RP 020724 2,2024-02-07,Repo,0
RP 020824 2,2024-02-08,Repo,1000000
RP 020924 2,2024-02-09,Repo,2000000
RP 021224 2,2024-02-12,Repo,3000000
RP 021324 2,2024-02-13,Repo,0
RP 021424 2,2024-02-14,Repo,0
RP 021524 2,2024-02-15,Repo,0
RP 021624 2,2024-02-16,Repo,0
RP 022024 2,2024-02-20,Repo,0
RP 022124 2,2024-02-21,Repo,1000000
RP 022224 2,2024-02-22,Repo,106000000
RP 022324 2,2024-02-23,Repo,1000000
RP 022624 2,2024-02-26,Repo,0
RP 022724 2,2024-02-27,Repo,5000000
RP 022824 2,2024-02-28,Repo,4000000
RP 022924 2,2024-02-29,Repo,1000000
RP 030124 2,2024-03-01,Repo,1000000
RP 030424 3,2024-03-04,Repo,0
RP 030524 2,2024-03-05,Repo,4000000
RP 030624 2,2024-03-06,Repo,5000000
RP 030724 2,2024-03-07,Repo,110000000
RP 030824 2,2024-03-08,Repo,0
RP 031124 2,2024-03-11,Repo,0
RP 031224 2,2024-03-12,Repo,1000000
RP 031324 2,2024-03-13,Repo,4000000
RP 031424 2,2024-03-14,Repo,1000000
RP 031524 3,2024-03-15,Repo,3000000
RP 031824 2,2024-03-18,Repo,0
RP 031924 2,2024-03-19,Repo,4000000
RP 032024 2,2024-03-20,Repo,3000000
RP 032124 2,2024-03-21,Repo,0
RP 032224 2,2024-03-22,Repo,0
RP 032524 2,2024-03-25,Repo,0
RP 032624 2,2024-03-26,Repo,1000000
RP 032724 2,2024-03-27,Repo,0
RP 032824 2,2024-03-28,Repo,3000000
RP 040124 2,2024-04-01,Repo,0
RP 040224 2,2024-04-02,Repo,0
RP 040324 2,2024-04-03,Repo,2000000
RP 040424 2,2024-04-04,Repo,0
RP 040524 2,2024-04-05,Repo,0
RP 040824 3,2024-04-08,Repo,0
RP 040924 2,2024-04-09,Repo,2000000
RP 041024 2,2024-04-10,Repo,1000000
RP 041124 2,2024-04-11,Repo,0
RP 041224 2,2024-04-12,Repo,0
RP 041524 2,2024-04-15,Repo,2000000
RP 041624 2,2024-04-16,Repo,1000000
RP 041724 2,2024-04-17,Repo,1000000
RP 041824 2,2024-04-18,Repo,113000000
RP 041924 2,2024-04-19,Repo,1000000
RP 042224 2,2024-04-22,Repo,0
RP 042324 2,2024-04-23,Repo,0
RP 042424 2,2024-04-24,Repo,3000000
RP 042524 2,2024-04-25,Repo,4000000
RP 042624 2,2024-04-26,Repo,0
RP 042924 2,2024-04-29,Repo,0
RP 043024 2,2024-04-30,Repo,1000000
RP 050124 2,2024-05-01,Repo,0
RP 050224 2,2024-05-02,Repo,3000000
RP 050324 2,2024-05-03,Repo,0
RP 050624 2,2024-05-06,Repo,0
RP 050724 2,2024-05-07,Repo,0
RP 050824 2,2024-05-08,Repo,0
RP 050924 99,2024-05-09,Repo,94000000
RP 050924 2,2024-05-09,Repo,0
RP 051024 2,2024-05-10,Repo,0
RP 051324 2,2024-05-13,Repo,3000000
RP 051424 2,2024-05-14,Repo,0
RP 051524 2,2024-05-15,Repo,0
RP 051624 2,2024-05-16,Repo,100000000
RP 051724 2,2024-05-17,Repo,0
RP 052024 2,2024-05-20,Repo,2000000
RP 052124 2,2024-05-21,Repo,5000000
RP 052224 2,2024-05-22,Repo,0
RP 052324 2,2024-05-23,Repo,0
RP 052424 2,2024-05-24,Repo,0
RP 052824 2,2024-05-28,Repo,0
RP 052924 2,2024-05-29,Repo,5000000
RP 053024 2,2024-05-30,Repo,0
RP 053124 2,2024-05-31,Repo,0
RP 060324 2,2024-06-03,Repo,0
RP 060424 2,2024-06-04,Repo,4000000
RP 060524 2,2024-06-05,Repo,106000000
RP 060624 2,2024-06-06,Repo,2000000
RP 060724 2,2024-06-07,Repo,3000000
RP 061024 2,2024-06-10,Repo,1000000
RP 061124 2,2024-06-11,Repo,2000000
RP 061224 2,2024-06-12,Repo,0
RP 061324 2,2024-06-13,Repo,100000000
RP 061424 2,2024-06-14,Repo,0
RP 061724 3,2024-06-17,Repo,0
RP 061824 2,2024-06-18,Repo,0
RP 062024 2,2024-06-20,Repo,3000000
RP 062124 2,2024-06-21,Repo,1000000
RP 062424 2,2024-06-24,Repo,36000000
RP 062524 2,2024-06-25,Repo,0
RP 062624 2,2024-06-26,Repo,1000000
RP 062724 2,2024-06-27,Repo,0
RP 062824 2,2024-06-28,Repo,1000000
RP 070124 2,2024-07-01,Repo,0
RP 070224 2,2024-07-02,Repo,10000000
RP 070324 2,2024-07-03,Repo,0
RP 070524 2,2024-07-05,Repo,0
RP 070824 2,2024-07-08,Repo,0
RP 070924 2,2024-07-09,Repo,97000000
RP 071024 2,2024-07-10,Repo,0
RP 071124 2,2024-07-11,Repo,102000000
RP 071224 2,2024-07-12,Repo,0
RP 071524 2,2024-07-15,Repo,2000000
RP 071624 2,2024-07-16,Repo,0
RP 071724 2,2024-07-17,Repo,0
RP 071824 2,2024-07-18,Repo,1000000
RP 071924 2,2024-07-19,Repo,0
RP 072224 2,2024-07-22,Repo,0
RP 072324 2,2024-07-23,Repo,4000000
RP 072424 2,2024-07-24,Repo,0
RP 072524 2,2024-07-25,Repo,2000000
RP 072624 2,2024-07-26,Repo,0
RP 072924 2,2024-07-29,Repo,0
RP 073024 2,2024-07-30,Repo,0
RP 073124 2,2024-07-31,Repo,5000000
RP 080124 2,2024-08-01,Repo,3000000
RP 080224 2,2024-08-02,Repo,0
RP 080524 2,2024-08-05,Repo,0
RP 080624 2,2024-08-06,Repo,1000000
RP 080724 2,2024-08-07,Repo,5000000
RP 080824 2,2024-08-08,Repo,101000000
RP 080924 2,2024-08-09,Repo,0
RP 081224 2,2024-08-12,Repo,0
RP 081324 2,2024-08-13,Repo,1000000
RP 081424 2,2024-08-14,Repo,0
RP 081524 2,2024-08-15,Repo,0
RP 081624 2,2024-08-16,Repo,0
RP 081924 2,2024-08-19,Repo,0
RP 082024 2,2024-08-20,Repo,1000000
RP 082124 2,2024-08-21,Repo,0
RP 082224 2,2024-08-22,Repo,0
RP 082324 2,2024-08-23,Repo,0
RP 082624 2,2024-08-26,Repo,0
RP 082724 2,2024-08-27,Repo,2000000
RP 082824 2,2024-08-28,Repo,0
RP 082924 2,2024-08-29,Repo,0
RP 083024 2,2024-08-30,Repo,0
RP 090324 2,2024-09-03,Repo,3000000
RP 090424 2,2024-09-04,Repo,0
RP 090524 2,2024-09-05,Repo,0
RP 090624 2,2024-09-06,Repo,0
RP 090924 2,2024-09-09,Repo,1000000
RP 091024 2,2024-09-10,Repo,103000000
RP 091124 2,2024-09-11,Repo,4000000
RP 091224 2,2024-09-12,Repo,4000000
RP 091324 2,2024-09-13,Repo,1000000
RP 091624 2,2024-09-16,Repo,20000000
RP 091724 2,2024-09-17,Repo,4000000
RP 091824 2,2024-09-18,Repo,0
RP 091924 2,2024-09-19,Repo,1000000
RP 092024 2,2024-09-20,Repo,0
RP 092324 2,2024-09-23,Repo,15000000
RP 092424 3,2024-09-24,Repo,2000000
RP 092424 1,2024-09-24,Repo,57000000
RP 092524 2,2024-09-25,Repo,4000000
RP 092624 2,2024-09-26,Repo,1000000
RP 092724 2,2024-09-27,Repo,0
RP 093024 2,2024-09-30,Repo,2600000000
RP 100124 2,2024-10-01,Repo,0
RP 100224 2,2024-10-02,Repo,2000000
RP 100324 2,2024-10-03,Repo,102000000
RP 100424 2,2024-10-04,Repo,0
RP 100724 2,2024-10-07,Repo,0
RP 100824 2,2024-10-08,Repo,0
RP 100924 2,2024-10-09,Repo,1000000
RP 101024 2,2024-10-10,Repo,0
RP 101124 2,2024-10-11,Repo,0
RP 101524 2,2024-10-15,Repo,2000000
RP 101624 3,2024-10-16,Repo,1000000
RP 101724 2,2024-10-17,Repo,20000000
RP 101824 2,2024-10-18,Repo,0
RP 102124 3,2024-10-21,Repo,0
RP 102224 2,2024-10-22,Repo,1000000
RP 102324 2,2024-10-23,Repo,0
RP 102424 2,2024-10-24,Repo,2000000
RP 102524 2,2024-10-25,Repo,1000000
RP 102824 2,2024-10-28,Repo,20000000
RP 102924 2,2024-10-29,Repo,5000000
RP 103024 2,2024-10-30,Repo,31000000
RP 103124 2,2024-10-31,Repo,0
RP 110124 2,2024-11-01,Repo,1000000
RP 110424 2,2024-11-04,Repo,3000000
RP 110524 2,2024-11-05,Repo,5000000
RP 110624 2,2024-11-06,Repo,101000000
RP 110724 2,2024-11-07,Repo,0
RP 110824 2,2024-11-08,Repo,0
RP 111224 2,2024-11-12,Repo,3000000
RP 111324 2,2024-11-13,Repo,5000000
RP 111424 2,2024-11-14,Repo,5000000
RP 111524 2,2024-11-15,Repo,0
RP 111824 2,2024-11-18,Repo,1000000
RP 111924 2,2024-11-19,Repo,1000000
RP 112024 2,2024-11-20,Repo,3000000
RP 112124 2,2024-11-21,Repo,3000000
RP 112224 2,2024-11-22,Repo,0
RP 112524 2,2024-11-25,Repo,0
RP 112624 2,2024-11-26,Repo,6000000
RP 112724 2,2024-11-27,Repo,0
RP 112924 2,2024-11-29,Repo,1000000
RP 120224 2,2024-12-02,Repo,2000000
RP 120324 2,2024-12-03,Repo,3000000
RP 120424 2,2024-12-04,Repo,7000000
RP 120524 2,2024-12-05,Repo,1000000
RP 120624 2,2024-12-06,Repo,4000000
RP 120924 2,2024-12-09,Repo,20000000
RP 121024 2,2024-12-10,Repo,100000000
RP 121124 2,2024-12-11,Repo,6000000
RP 121224 2,2024-12-12,Repo,4000000
RP 121324 2,2024-12-13,Repo,1000000
RP 121624 2,2024-12-16,Repo,6000000
RP 121724 2,2024-12-17,Repo,2000000
RP 121824 2,2024-12-18,Repo,0
RP 121924 2,2024-12-19,Repo,1000000
RP 122024 2,2024-12-20,Repo,0
RP 122324 2,2024-12-23,Repo,50000000
RP 122424 2,2024-12-24,Repo,1000000
RP 122624 2,2024-12-26,Repo,4000000
RP 122724 2,2024-12-27,Repo,0
RP 123024 1,2024-12-30,Repo,0
RP 123024 3,2024-12-30,Repo,0
RP 123124 3,2024-12-31,Repo,0
RP 123124 1,2024-12-31,Repo,0
RP 010225 3,2025-01-02,Repo,3000000
RP 010225 1,2025-01-02,Repo,1000000
RP 010325 3,2025-01-03,Repo,0
RP 010325 1,2025-01-03,Repo,0
RP 010625 2,2025-01-06,Repo,0
RP 010725 2,2025-01-07,Repo,2000000
RP 010825 2,2025-01-08,Repo,0
RP 010925 2,2025-01-09,Repo,0
RP 011025 2,2025-01-10,Repo,0
RP 011325 2,2025-01-13,Repo,0
RP 011425 2,2025-01-14,Repo,3000000
RP 011525 2,2025-01-15,Repo,0
RP 011625 2,2025-01-16,Repo,2000000
RP 011725 2,2025-01-17,Repo,1000000
RP 012125 2,2025-01-21,Repo,0
RP 012225 2,2025-01-22,Repo,0
RP 012325 2,2025-01-23,Repo,0
RP 012425 26,2025-01-24,Repo,82000000
RP 012425 4,2025-01-24,Repo,0
RP 012725 2,2025-01-27,Repo,0
RP 012825 2,2025-01-28,Repo,0
RP 012925 2,2025-01-29,Repo,3000000
RP 013025 2,2025-01-30,Repo,0
RP 013125 2,2025-01-31,Repo,0
RP 020325 2,2025-02-03,Repo,0
RP 020425 2,2025-02-04,Repo,0
RP 020525 2,2025-02-05,Repo,0
RP 020625 2,2025-02-06,Repo,1000000
RP 020725 2,2025-02-07,Repo,0
RP 021025 2,2025-02-10,Repo,0
RP 021125 2,2025-02-11,Repo,100000000
RP 021225 2,2025-02-12,Repo,100000000
RP 021325 2,2025-02-13,Repo,0
RP 021425 2,2025-02-14,Repo,0
RP 021825 2,2025-02-18,Repo,0
RP 021925 2,2025-02-19,Repo,0
RP 022025 2,2025-02-20,Repo,0
RP 022125 2,2025-02-21,Repo,0
RP 022425 2,2025-02-24,Repo,0
RP 022525 2,2025-02-25,Repo,3000000
RP 022625 2,2025-02-26,Repo,3000000
RP 022625 99,2025-02-26,Repo,94000000
RP 022725 2,2025-02-27,Repo,0
RP 022825 2,2025-02-28,Repo,0
RP 030325 2,2025-03-03,Repo,0
RP 030425 2,2025-03-04,Repo,0
RP 030525 6,2025-03-05,Repo,0
RP 030525 4,2025-03-05,Repo,84000000
RP 030625 2,2025-03-06,Repo,0
RP 030725 2,2025-03-07,Repo,0
RP 031025 2,2025-03-10,Repo,1000000
RP 031125 2,2025-03-11,Repo,100000000
RP 031225 2,2025-03-12,Repo,1000000
RP 031325 2,2025-03-13,Repo,1000000
RP 031425 2,2025-03-14,Repo,0
RP 031725 2,2025-03-17,Repo,0
RP 031825 2,2025-03-18,Repo,0
RP 031925 2,2025-03-19,Repo,1000000
RP 032025 2,2025-03-20,Repo,0
RP 032125 2,2025-03-21,Repo,0
RP 032425 2,2025-03-24,Repo,0
RP 032525 2,2025-03-25,Repo,30000000
RP 032625 2,2025-03-26,Repo,0
RP 032725 3,2025-03-27,Repo,1000000
RP 032725 1,2025-03-27,Repo,3000000
RP 032825 1,2025-03-28,Repo,2000000
RP 032825 3,2025-03-28,Repo,0
RP 033125 4,2025-03-31,Repo,0
RP 033125 2,2025-03-31,Repo,1000000
RP 040125 3,2025-04-01,Repo,0
RP 040125 1,2025-04-01,Repo,0
RP 040225 3,2025-04-02,Repo,0
RP 040225 1,2025-04-02,Repo,0
RP 040325 2,2025-04-03,Repo,1000000
RP 040425 2,2025-04-04,Repo,0
RP 040725 2,2025-04-07,Repo,0
RP 040825 2,2025-04-08,Repo,100000000
RP 040925 2,2025-04-09,Repo,0
RP 041025 2,2025-04-10,Repo,1000000
RP 041125 2,2025-04-11,Repo,1000000
RP 041425 2,2025-04-14,Repo,0
RP 041525 2,2025-04-15,Repo,0
RP 041625 2,2025-04-16,Repo,3000000
RP 041725 2,2025-04-17,Repo,0
RP 042125 2,2025-04-21,Repo,4000000
RP 042225 2,2025-04-22,Repo,1000000
RP 042325 2,2025-04-23,Repo,0
RP 042425 2,2025-04-24,Repo,1000000
RP 042525 2,2025-04-25,Repo,0
RP 042825 2,2025-04-28,Repo,0
RP 042925 2,2025-04-29,Repo,0
RP 043025 2,2025-04-30,Repo,110000000
RP 050125 2,2025-05-01,Repo,0
RP 050225 2,2025-05-02,Repo,0
RP 050525 2,2025-05-05,Repo,0
RP 050625 2,2025-05-06,Repo,100000000
RP 050725 2,2025-05-07,Repo,6000000
RP 050825 2,2025-05-08,Repo,3000000
RP 050925 2,2025-05-09,Repo,0
RP 051225 2,2025-05-12,Repo,0
RP 051325 2,2025-05-13,Repo,5000000
RP 051425 2,2025-05-14,Repo,1000000
RP 051525 2,2025-05-15,Repo,2000000
RP 051625 2,2025-05-16,Repo,0
RP 051925 2,2025-05-19,Repo,1000000
RP 052025 2,2025-05-20,Repo,0
RP 052125 2,2025-05-21,Repo,1000000
RP 052225 2,2025-05-22,Repo,3000000
RP 052325 2,2025-05-23,Repo,0
RP 052725 2,2025-05-27,Repo,0
RP 052825 2,2025-05-28,Repo,1000000
RP 052925 2,2025-05-29,Repo,1000000
RP 053025 2,2025-05-30,Repo,0
RP 060225 2,2025-06-02,Repo,5000000
RP 060325 2,2025-06-03,Repo,2000000
RP 060425 2,2025-06-04,Repo,0
RP 060525 2,2025-06-05,Repo,4000000
RP 060625 2,2025-06-06,Repo,0
RP 060925 2,2025-06-09,Repo,5000000
RP 061025 2,2025-06-10,Repo,105000000
RP 061125 2,2025-06-11,Repo,0
RP 061225 2,2025-06-12,Repo,2000000
RP 061325 2,2025-06-13,Repo,0
RP 061625 2,2025-06-16,Repo,1000000
RP 061725 2,2025-06-17,Repo,0
RP 061825 2,2025-06-18,Repo,0
RP 062025 2,2025-06-20,Repo,0
RP 062325 2,2025-06-23,Repo,0
RP 062425 2,2025-06-24,Repo,0
RP 062525 2,2025-06-25,Repo,16000000
RP 062625 1,2025-06-26,Repo,1000000
RP 062625 3,2025-06-26,Repo,2000000
RP 062725 3,2025-06-27,Repo,0
RP 062725 1,2025-06-27,Repo,0
RP 063025 3,2025-06-30,Repo,6000000000
RP 063025 1,2025-06-30,Repo,5075000000
RP 070125 3,2025-07-01,Repo,0
RP 070125 1,2025-07-01,Repo,0
RP 070225 1,2025-07-02,Repo,0
RP 070225 3,2025-07-02,Repo,0
RP 070325 4,2025-07-03,Repo,0
RP 070325 1,2025-07-03,Repo,0
RP 070725 3,2025-07-07,Repo,2000000
RP 070725 1,2025-07-07,Repo,0
RP 070825 3,2025-07-08,Repo,100000000
RP 070825 1,2025-07-08,Repo,0
RP 070925 3,2025-07-09,Repo,0
RP 070925 1,2025-07-09,Repo,0
RP 071025 1,2025-07-10,Repo,0
RP 071025 3,2025-07-10,Repo,0
RP 071125 3,2025-07-11,Repo,0
RP 071125 1,2025-07-11,Repo,0
RP 071425 3,2025-07-14,Repo,22000000
RP 071425 1,2025-07-14,Repo,0
RP 071525 3,2025-07-15,Repo,1000000
RP 071525 1,2025-07-15,Repo,0
RP 071625 3,2025-07-16,Repo,0
RP 071625 1,2025-07-16,Repo,0
RP 071725 3,2025-07-17,Repo,0
RP 071725 1,2025-07-17,Repo,0
RP 071825 1,2025-07-18,Repo,0
RP 071825 3,2025-07-18,Repo,0
RP 072125 3,2025-07-21,Repo,0
RP 072125 1,2025-07-21,Repo,0
RP 072225 3,2025-07-22,Repo,1000000
RP 072225 1,2025-07-22,Repo,0
RP 072325 3,2025-07-23,Repo,1000000
RP 072325 1,2025-07-23,Repo,2000000
RP 072425 3,2025-07-24,Repo,0
RP 072425 1,2025-07-24,Repo,0
RP 072525 1,2025-07-25,Repo,0
RP 072525 3,2025-07-25,Repo,0
RP 072825 3,2025-07-28,Repo,1000000
RP 072825 1,2025-07-28,Repo,0
RP 072925 3,2025-07-29,Repo,1000000
RP 072925 1,2025-07-29,Repo,4000000
RP 073025 3,2025-07-30,Repo,0
RP 073025 1,2025-07-30,Repo,0
RP 073125 3,2025-07-31,Repo,0
RP 073125 1,2025-07-31,Repo,0
RP 080125 1,2025-08-01,Repo,0
RP 080125 3,2025-08-01,Repo,0
RP 080425 1,2025-08-04,Repo,0
RP 080425 3,2025-08-04,Repo,1000000
RP 080525 3,2025-08-05,Repo,0
RP 080525 1,2025-08-05,Repo,1000000
RP 080625 3,2025-08-06,Repo,0
RP 080625 1,2025-08-06,Repo,5000000
RP 080725 3,2025-08-07,Repo,44000000
RP 080725 1,2025-08-07,Repo,0
RP 080825 3,2025-08-08,Repo,0
RP 080825 1,2025-08-08,Repo,0
RP 081125 3,2025-08-11,Repo,1000000
RP 081125 1,2025-08-11,Repo,0
RP 081225 3,2025-08-12,Repo,101000000
RP 081225 1,2025-08-12,Repo,0
RP 081325 3,2025-08-13,Repo,1000000
RP 081325 1,2025-08-13,Repo,0
RP 081425 3,2025-08-14,Repo,0
RP 081425 1,2025-08-14,Repo,1000000
RP 081525 3,2025-08-15,Repo,0
RP 081525 1,2025-08-15,Repo,0
RP 081825 3,2025-08-18,Repo,0
RP 081825 1,2025-08-18,Repo,0
RP 081925 3,2025-08-19,Repo,0
RP 081925 1,2025-08-19,Repo,0
RP 082025 3,2025-08-20,Repo,1000000
RP 082025 1,2025-08-20,Repo,200000000
RP 082125 4,2025-08-21,Repo,1000000
RP 082125 2,2025-08-21,Repo,61000000
RP 082125 1,2025-08-21,Repo,0
RP 082225 3,2025-08-22,Repo,0
RP 082225 1,2025-08-22,Repo,0
RP 082525 3,2025-08-25,Repo,3000000
RP 082525 1,2025-08-25,Repo,20000000
RP 082625 3,2025-08-26,Repo,0
RP 082625 1,2025-08-26,Repo,1000000
RP 082725 3,2025-08-27,Repo,1000000
RP 082725 1,2025-08-27,Repo,20000000
RP 082825 3,2025-08-28,Repo,0
RP 082825 1,2025-08-28,Repo,0
RP 082925 3,2025-08-29,Repo,0
RP 082925 1,2025-08-29,Repo,0
RP 090225 3,2025-09-02,Repo,0
RP 090225 1,2025-09-02,Repo,0
RP 090325 3,2025-09-03,Repo,3000000
RP 090325 1,2025-09-03,Repo,0
RP 090425 1,2025-09-04,Repo,0
RP 090425 3,2025-09-04,Repo,0
RP 090525 3,2025-09-05,Repo,0
RP 090525 1,2025-09-05,Repo,0
RP 090825 3,2025-09-08,Repo,1000000
RP 090825 1,2025-09-08,Repo,0
RP 090925 3,2025-09-09,Repo,101000000
RP 090925 1,2025-09-09,Repo,0
RP 091025 3,2025-09-10,Repo,9000000
RP 091025 1,2025-09-10,Repo,3000000
RP 091125 1,2025-09-11,Repo,0
RP 091125 3,2025-09-11,Repo,0
RP 091225 3,2025-09-12,Repo,0
RP 091225 1,2025-09-12,Repo,0
RP 091525 3,2025-09-15,Repo,0
RP 091525 1,2025-09-15,Repo,1500000000
RP 091625 3,2025-09-16,Repo,3000000
RP 091625 1,2025-09-16,Repo,0
RP 091725 3,2025-09-17,Repo,1000000
RP 091725 1,2025-09-17,Repo,0
RP 091825 1,2025-09-18,Repo,0
RP 091825 3,2025-09-18,Repo,0
RP 091925 1,2025-09-19,Repo,0
RP 091925 3,2025-09-19,Repo,0
RP 092225 3,2025-09-22,Repo,30000000
RP 092225 1,2025-09-22,Repo,0
RP 092325 3,2025-09-23,Repo,0
RP 092325 1,2025-09-23,Repo,0
RP 092425 3,2025-09-24,Repo,1000000
RP 092425 1,2025-09-24,Repo,0
RP 092525 3,2025-09-25,Repo,1000000
RP 092525 1,2025-09-25,Repo,0
RP 092625 1,2025-09-26,Repo,0
RP 092625 3,2025-09-26,Repo,0
RP 092925 3,2025-09-29,Repo,0
RP 092925 1,2025-09-29,Repo,0
RP 093025 3,2025-09-30,Repo,6000000000
RP 093025 1,2025-09-30,Repo,0
RP 100125 3,2025-10-01,Repo,0
RP 100125 1,2025-10-01,Repo,0
RP 100225 3,2025-10-02,Repo,3000000
RP 100225 1,2025-10-02,Repo,0
RP 100325 3,2025-10-03,Repo,105000000
RP 100325 1,2025-10-03,Repo,0
RP 100625 1,2025-10-06,Repo,0
RP 100625 3,2025-10-06,Repo,20000000
RP 100725 3,2025-10-07,Repo,2000000
RP 100725 1,2025-10-07,Repo,0
RP 100825 3,2025-10-08,Repo,1000000
RP 100825 99,2025-10-08,Repo,97000000
RP 100825 1,2025-10-08,Repo,0
RP 100925 3,2025-10-09,Repo,2000000
RP 100925 1,2025-10-09,Repo,0
RP 101025 3,2025-10-10,Repo,0
RP 101025 1,2025-10-10,Repo,0
RP 101425 3,2025-10-14,Repo,0
RP 101425 1,2025-10-14,Repo,0
RP 101525 1,2025-10-15,Repo,6750000000
RP 101525 5,2025-10-15,Repo,0
RP 101625 3,2025-10-16,Repo,0
RP 101625 1,2025-10-16,Repo,8350000000
RP 101725 3,2025-10-17,Repo,0
RP 101725 1,2025-10-17,Repo,0
RP 102025 3,2025-10-20,Repo,2000000000
RP 102025 1,2025-10-20,Repo,1000000
RP 102125 1,2025-10-21,Repo,3000000000
RP 102125 3,2025-10-21,Repo,0
RP 102225 4,2025-10-22,Repo,0
RP 102225 1,2025-10-22,Repo,1000000
RP 102325 3,2025-10-23,Repo,0
RP 102325 1,2025-10-23,Repo,3003000000
RP 102425 3,2025-10-24,Repo,0
RP 102425 1,2025-10-24,Repo,0
RP 102725 3,2025-10-27,Repo,0
RP 102725 1,2025-10-27,Repo,8400000000
RP 102825 1,2025-10-28,Repo,7753000000
RP 102825 3,2025-10-28,Repo,0
RP 102925 1,2025-10-29,Repo,10233000000
RP 102925 3,2025-10-29,Repo,78000000
RP 103025 3,2025-10-30,Repo,4000000000
RP 103025 1,2025-10-30,Repo,2200000000
RP 103125 3,2025-10-31,Repo,30000000000
RP 103125 1,2025-10-31,Repo,20350000000
RP 110325 3,2025-11-03,Repo,7250000000
RP 110325 1,2025-11-03,Repo,14750000000
RP 110425 3,2025-11-04,Repo,2002000000
RP 110425 1,2025-11-04,Repo,2800000000
RP 110525 3,2025-11-05,Repo,3000000
RP 110525 25,2025-11-05,Repo,99000000
RP 110525 1,2025-11-05,Repo,0
RP 110625 3,2025-11-06,Repo,0
RP 110625 1,2025-11-06,Repo,1000000
RP 110725 3,2025-11-07,Repo,0
RP 110725 1,2025-11-07,Repo,2000000000
RP 111025 3,2025-11-10,Repo,0
RP 111025 1,2025-11-10,Repo,3000000
RP 111225 1,2025-11-12,Repo,6052000000
RP 111225 3,2025-11-12,Repo,0
RP 111325 1,2025-11-13,Repo,3900000000
RP 111325 4,2025-11-13,Repo,0
RP 111425 27,2025-11-14,Repo,7000000
RP 111425 25,2025-11-14,Repo,13000000
RP 111725 25,2025-11-17,Repo,2551000000
RP 111725 27,2025-11-17,Repo,3022000000
RP 111825 25,2025-11-18,Repo,0
RP 111825 27,2025-11-18,Repo,8000000
RP 111925 27,2025-11-19,Repo,6000000
RP 111925 25,2025-11-19,Repo,0
RP 112025 25,2025-11-20,Repo,0
RP 112025 27,2025-11-20,Repo,1000000
RP 112125 27,2025-11-21,Repo,0
RP 112125 25,2025-11-21,Repo,0
RP 112425 27,2025-11-24,Repo,1000000
RP 112425 25,2025-11-24,Repo,0
RP 112525 27,2025-11-25,Repo,0
RP 112525 25,2025-11-25,Repo,10600000000
RP 112625 27,2025-11-26,Repo,0
RP 112625 25,2025-11-26,Repo,14000000000
RP 112825 27,2025-11-28,Repo,0
RP 112825 25,2025-11-28,Repo,24400000000
RP 120125 26,2025-12-01,Repo,1000000000
RP 120125 25,2025-12-01,Repo,25000000000
RP 120225 26,2025-12-02,Repo,1004000000
RP 120225 25,2025-12-02,Repo,9253000000
RP 120325 26,2025-12-03,Repo,1000000
RP 120325 25,2025-12-03,Repo,0
RP 120425 26,2025-12-04,Repo,2000000
RP 120425 25,2025-12-04,Repo,0
RP 120525 27,2025-12-05,Repo,0
RP 120525 25,2025-12-05,Repo,2000000
RP 120825 27,2025-12-08,Repo,0
RP 120825 25,2025-12-08,Repo,0
RP 120925 27,2025-12-09,Repo,102000000
RP 120925 25,2025-12-09,Repo,5000000
RP 121025 27,2025-12-10,Repo,1000000
RP 121025 25,2025-12-10,Repo,0
RP 121125 27,2025-12-11,Repo,1000000
RP 121125 25,2025-12-11,Repo,0
RP 121225 27,2025-12-12,Repo,1000000
RP 121225 25,2025-12-12,Repo,0
RP 121525 27,2025-12-15,Repo,0
RP 121525 25,2025-12-15,Repo,16801000000
RP 121625 25,2025-12-16,Repo,0
RP 121625 27,2025-12-16,Repo,4000000000
RP 121725 27,2025-12-17,Repo,1000000
RP 121725 25,2025-12-17,Repo,0
RP 121825 27,2025-12-18,Repo,0
RP 121825 25,2025-12-18,Repo,0
RP 121925 27,2025-12-19,Repo,0
RP 121925 25,2025-12-19,Repo,0
RP 122225 25,2025-12-22,Repo,0
RP 122225 27,2025-12-22,Repo,0
RP 122325 27,2025-12-23,Repo,6000000
RP 122325 25,2025-12-23,Repo,0
RP 122425 27,2025-12-24,Repo,3000000
RP 122425 25,2025-12-24,Repo,500000000
RP 122625 27,2025-12-26,Repo,0
RP 122625 25,2025-12-26,Repo,17251000000
RP 122925 25,2025-12-29,Repo,25950000000
RP 122925 26,2025-12-29,Repo,0
RP 123025 25,2025-12-30,Repo,3000000000
RP 123025 26,2025-12-30,Repo,0
RP 123125 26,2025-12-31,Repo,0
RP 123125 25,2025-12-31,Repo,74600000000
RP 010226 26,2026-01-02,Repo,19800000000
RP 010226 25,2026-01-02,Repo,3000000000
RP 010526 27,2026-01-05,Repo,20000000
RP 010526 25,2026-01-05,Repo,0
RP 010626 27,2026-01-06,Repo,0
RP 010626 25,2026-01-06,Repo,0
RP 010726 27,2026-01-07,Repo,0
RP 010726 25,2026-01-07,Repo,0
RP 010826 27,2026-01-08,Repo,0
RP 010826 25,2026-01-08,Repo,0
RP 010926 27,2026-01-09,Repo,0
RP 010926 25,2026-01-09,Repo,0
RP 011226 27,2026-01-12,Repo,1000000
RP 011226 25,2026-01-12,Repo,0
RP 011326 25,2026-01-13,Repo,0
RP 011326 27,2026-01-13,Repo,102000000
RP 011426 26,2026-01-14,Repo,0
RP 011426 28,2026-01-14,Repo,0
RP 011526 27,2026-01-15,Repo,0
RP 011526 25,2026-01-15,Repo,0
RP 011626 27,2026-01-16,Repo,0
RP 011626 25,2026-01-16,Repo,0
RP 012026 27,2026-01-20,Repo,0
RP 012026 25,2026-01-20,Repo,0
RP 012126 27,2026-01-21,Repo,1000000
RP 012126 25,2026-01-21,Repo,0
RP 012226 28,2026-01-22,Repo,0
RP 012226 26,2026-01-22,Repo,0
RP 012326 27,2026-01-23,Repo,0
RP 012326 25,2026-01-23,Repo,0
RP 012626 27,2026-01-26,Repo,1000000
RP 012626 25,2026-01-26,Repo,0
RP 012726 27,2026-01-27,Repo,1000000
RP 012726 25,2026-01-27,Repo,0
RP 012826 25,2026-01-28,Repo,3000000
RP 012826 27,2026-01-28,Repo,3000000
RP 012926 27,2026-01-29,Repo,0
RP 012926 25,2026-01-29,Repo,0
RP 013026 27,2026-01-30,Repo,0
RP 013026 25,2026-01-30,Repo,0
RP 020226 27,2026-02-02,Repo,25000000
RP 020226 25,2026-02-02,Repo,0
RP 020326 27,2026-02-03,Repo,1000000
RP 020326 25,2026-02-03,Repo,1000000
RP 020426 27,2026-02-04,Repo,1000000
RP 020426 25,2026-02-04,Repo,0
RP 020526 25,2026-02-05,Repo,1000000
RP 020526 27,2026-02-05,Repo,2000000
RP 020626 25,2026-02-06,Repo,1000000
RP 020626 27,2026-02-06,Repo,0
RP 020926 27,2026-02-09,Repo,20000000
RP 020926 25,2026-02-09,Repo,1000000
RP 021026 27,2026-02-10,Repo,100000000
RP 021026 25,2026-02-10,Repo,0
RP 021126 27,2026-02-11,Repo,0
RP 021126 25,2026-02-11,Repo,8000000
RP 021226 27,2026-02-12,Repo,0
RP 021226 25,2026-02-12,Repo,0
RP 021326 27,2026-02-13,Repo,0
RP 021326 25,2026-02-13,Repo,0
RP 021726 27,2026-02-17,Repo,19500000000
RP 021726 25,2026-02-17,Repo,11000000000
RP 021826 28,2026-02-18,Repo,56000000
RP 021826 25,2026-02-18,Repo,0
RP 021826 29,2026-02-18,Repo,4000000
RP 021926 27,2026-02-19,Repo,0
RP 021926 25,2026-02-19,Repo,0
RP 022026 27,2026-02-20,Repo,0
RP 022026 25,2026-02-20,Repo,0
RP 022326 27,2026-02-23,Repo,3000000
RP 022326 25,2026-02-23,Repo,0
RP 022426 28,2026-02-24,Repo,0
RP 022426 25,2026-02-24,Repo,0
RP 022526 27,2026-02-25,Repo,2000000
RP 022526 25,2026-02-25,Repo,1000000
RP 022626 27,2026-02-26,Repo,0
RP 022626 25,2026-02-26,Repo,0
RP 022726 27,2026-02-27,Repo,0
RP 022726 25,2026-02-27,Repo,0
RP 030226 26,2026-03-02,Repo,9000000000
RP 030226 25,2026-03-02,Repo,0
RP 030326 26,2026-03-03,Repo,3000000
RP 030326 25,2026-03-03,Repo,1000000
RP 030426 26,2026-03-04,Repo,1000000
RP 030426 25,2026-03-04,Repo,5000000
RP 030526 27,2026-03-05,Repo,0
RP 030526 25,2026-03-05,Repo,1000000
RP 030626 26,2026-03-06,Repo,0
RP 030626 25,2026-03-06,Repo,1000000
RP 030926 27,2026-03-09,Repo,0
RP 030926 25,2026-03-09,Repo,0
RP 031026 27,2026-03-10,Repo,104000000
RP 031026 25,2026-03-10,Repo,0
RP 031126 27,2026-03-11,Repo,1000000
RP 031126 25,2026-03-11,Repo,0
RP 031226 25,2026-03-12,Repo,0
RP 031226 27,2026-03-12,Repo,6000000
RP 031326 27,2026-03-13,Repo,0
RP 031326 25,2026-03-13,Repo,0
RP 031626 26,2026-03-16,Repo,0
RP 031626 25,2026-03-16,Repo,0
RP 031726 26,2026-03-17,Repo,0
RP 031726 25,2026-03-17,Repo,0
RP 031826 26,2026-03-18,Repo,6000000
RP 031826 25,2026-03-18,Repo,0
RP 031926 27,2026-03-19,Repo,30000000
RP 031926 25,2026-03-19,Repo,0
RP 032026 26,2026-03-20,Repo,0
RP 032026 25,2026-03-20,Repo,0
RP 032326 26,2026-03-23,Repo,20000000
RP 032326 25,2026-03-23,Repo,0
RP 032426 25,2026-03-24,Repo,0
RP 032426 26,2026-03-24,Repo,2000000
RP 032526 26,2026-03-25,Repo,1000000
RP 032526 25,2026-03-25,Repo,0
RP 032626 26,2026-03-26,Repo,1000000
RP 032626 25,2026-03-26,Repo,1000000
RP 032726 26,2026-03-27,Repo,0
RP 032726 25,2026-03-27,Repo,0
RP 033026 27,2026-03-30,Repo,0
RP 033026 25,2026-03-30,Repo,3000000
RP 033126 27,2026-03-31,Repo,1000000
RP 033126 25,2026-03-31,Repo,0
RP 040126 27,2026-04-01,Repo,750000000
RP 040126 25,2026-04-01,Repo,0
RP 040226 25,2026-04-02,Repo,0
RP 040226 27,2026-04-02,Repo,0
RP 040626 27,2026-04-06,Repo,0
RP 040626 25,2026-04-06,Repo,0
RP 040726 25,2026-04-07,Repo,0
RP 040726 27,2026-04-07,Repo,0
RP 040826 27,2026-04-08,Repo,1000000
RP 040826 25,2026-04-08,Repo,100000000
RP 040926 27,2026-04-09,Repo,0
RP 040926 25,2026-04-09,Repo,0
RP 041026 27,2026-04-10,Repo,0
RP 041026 25,2026-04-10,Repo,0
RP 041326 26,2026-04-13,Repo,0
RP 041326 25,2026-04-13,Repo,0
RP 041426 26,2026-04-14,Repo,1000000
RP 041426 25,2026-04-14,Repo,1000000
RP 041526 26,2026-04-15,Repo,1000000
RP 041526 25,2026-04-15,Repo,10462000000
RP 041626 26,2026-04-16,Repo,1000000
RP 041626 25,2026-04-16,Repo,0
RP 041726 25,2026-04-17,Repo,0
RP 041726 26,2026-04-17,Repo,0
RP 042026 27,2026-04-20,Repo,0
RP 042026 25,2026-04-20,Repo,0
RP 042126 27,2026-04-21,Repo,1000000
RP 042126 25,2026-04-21,Repo,1000000
RP 042226 27,2026-04-22,Repo,1000000
RP 042226 25,2026-04-22,Repo,3000000
RP 042326 27,2026-04-23,Repo,0
RP 042326 25,2026-04-23,Repo,0
RP 042426 27,2026-04-24,Repo,0
RP 042426 25,2026-04-24,Repo,0
RP 042726 27,2026-04-27,Repo,1000000
RP 042726 25,2026-04-27,Repo,0
RP 042826 27,2026-04-28,Repo,3000000
RP 042826 25,2026-04-28,Repo,3000000
RP 042926 25,2026-04-29,Repo,0
RP 042926 27,2026-04-29,Repo,1000000
RP 043026 25,2026-04-30,Repo,0
RP 043026 27,2026-04-30,Repo,0
RP 050126 27,2026-05-01,Repo,0
RP 050126 25,2026-05-01,Repo,3000000
RP 050426 27,2026-05-04,Repo,20000000
RP 050426 25,2026-05-04,Repo,0
RP 050526 26,2026-05-05,Repo,1000000
RP 050526 25,2026-05-05,Repo,1000000
RP 050626 25,2026-05-06,Repo,0
RP 050626 26,2026-05-06,Repo,0
RP 050726 25,2026-05-07,Repo,0
RP 050726 26,2026-05-07,Repo,1000000
RP 050826 26,2026-05-08,Repo,0
RP 050826 25,2026-05-08,Repo,0
RP 051126 26,2026-05-11,Repo,0
RP 051126 25,2026-05-11,Repo,0
RP 051226 25,2026-05-12,Repo,0
RP 051226 26,2026-05-12,Repo,101000000
RP 051326 25,2026-05-13,Repo,0
RP 051326 27,2026-05-13,Repo,4000000
RP 051426 25,2026-05-14,Repo,0
RP 051426 26,2026-05-14,Repo,0
RP 051526 25,2026-05-15,Repo,0
RP 051526 26,2026-05-15,Repo,0
RP 051826 27,2026-05-18,Repo,1000000
RP 051826 25,2026-05-18,Repo,0
RP 051926 27,2026-05-19,Repo,1000000
RP 051926 25,2026-05-19,Repo,2000000
RP 052026 26,2026-05-20,Repo,7000000
RP 052026 25,2026-05-20,Repo,0
RP 052126 25,2026-05-21,Repo,0
RP 052126 26,2026-05-21,Repo,3000000
RP 052226 25,2026-05-22,Repo,0
RP 052226 26,2026-05-22,Repo,300000000
RP 052626 26,2026-05-26,Repo,30000000
RP 052626 25,2026-05-26,Repo,1000000
RP 052726 26,2026-05-27,Repo,7000000
RP 052726 99,2026-05-27,Repo,100000000
RP 052726 25,2026-05-27,Repo,4000000
RP 052826 26,2026-05-28,Repo,0
RP 052826 25,2026-05-28,Repo,1000000
RP 052926 26,2026-05-29,Repo,4000000
RP 052926 25,2026-05-29,Repo,1000000
RP 060126 25,2026-06-01,Repo,0
RP 060126 27,2026-06-01,Repo,0
RP 060226 25,2026-06-02,Repo,6000000
RP 060226 27,2026-06-02,Repo,6000000
RP 060326 27,2026-06-03,Repo,1000000
RP 060326 25,2026-06-03,Repo,3000000
RP 060426 27,2026-06-04,Repo,3000000
RP 060426 25,2026-06-04,Repo,0
RP 060526 27,2026-06-05,Repo,3000000
RP 060526 25,2026-06-05,Repo,1000000
RP 060826 27,2026-06-08,Repo,0
RP 060826 25,2026-06-08,Repo,0
RP 060926 27,2026-06-09,Repo,101000000
RP 060926 25,2026-06-09,Repo,2000000
RP 061026 27,2026-06-10,Repo,4000000
RP 061026 25,2026-06-10,Repo,0
RP 061126 25,2026-06-11,Repo,0
RP 061126 27,2026-06-11,Repo,1000000
RP 061226 27,2026-06-12,Repo,0
RP 061226 25,2026-06-12,Repo,0
RP 061526 26,2026-06-15,Repo,0
RP 061526 25,2026-06-15,Repo,1000000
RP 061626 26,2026-06-16,Repo,20000000
RP 061626 25,2026-06-16,Repo,1000000
RP 061726 26,2026-06-17,Repo,2000000
RP 061726 25,2026-06-17,Repo,0
RP 061826 25,2026-06-18,Repo,0
RP 061826 27,2026-06-18,Repo,1000000
RP 062226 26,2026-06-22,Repo,0
RP 062226 25,2026-06-22,Repo,0
RP 062326 27,2026-06-23,Repo,0
RP 062326 25,2026-06-23,Repo,0
RP 062426 26,2026-06-24,Repo,4000000
RP 062426 25,2026-06-24,Repo,0
RP 062526 26,2026-06-25,Repo,2000000
RP 062526 25,2026-06-25,Repo,0
RP 062626 26,2026-06-26,Repo,0
RP 062626 25,2026-06-26,Repo,0
RP 062926 27,2026-06-29,Repo,0
RP 062926 26,2026-06-29,Repo,0
RP 063026 26,2026-06-30,Repo,0
RP 063026 27,2026-06-30,Repo,0
RP 070126 26,2026-07-01,Repo,1000000
RP 070126 27,2026-07-01,Repo,0
RP 070226 25,2026-07-02,Repo,0
RP 070226 26,2026-07-02,Repo,0
RP 070626 27,2026-07-06,Repo,3000000
RP 070626 25,2026-07-06,Repo,0
RP 070726 25,2026-07-07,Repo,0
RP 070726 27,2026-07-07,Repo,3000000
RP 070826 27,2026-07-08,Repo,0
RP 070826 28,2026-07-08,Repo,0
RP 070926 27,2026-07-09,Repo,0
RP 070926 25,2026-07-09,Repo,0
RP 071026 27,2026-07-10,Repo,0
RP 071026 25,2026-07-10,Repo,0
RP 071326 27,2026-07-13,Repo,0
RP 071326 25,2026-07-13,Repo,0
RP 071426 27,2026-07-14,Repo,100000000
RP 071426 25,2026-07-14,Repo,1000000
RP 071526 27,2026-07-15,Repo,2000000
RP 071526 25,2026-07-15,Repo,100000000
RP 071626 27,2026-07-16,Repo,0
RP 071626 25,2026-07-16,Repo,0
RP 071726 27,2026-07-17,Repo,0
RP 071726 25,2026-07-17,Repo,0
RP 072026 27,2026-07-20,Repo,0
RP 072026 25,2026-07-20,Repo,0
RP 072126 27,2026-07-21,Repo,0
RP 072126 25,2026-07-21,Repo,0
RP 072226 25,2026-07-22,Repo,0
RP 072226 27,2026-07-22,Repo,0
RP 072326 27,2026-07-23,Repo,7000000
RP 072326 25,2026-07-23,Repo,0
RP 072426 27,2026-07-24,Repo,0
RP 072426 25,2026-07-24,Repo,1000000
RP 072726 26,2026-07-27,Repo,20000000
RP 072726 25,2026-07-27,Repo,0
RP 072826 26,2026-07-28,Repo,4000000
RP 072826 25,2026-07-28,Repo,5000000
RP 072926 26,2026-07-29,Repo,3000000
RP 072926 25,2026-07-29,Repo,0
RP 073026 25,2026-07-30,Repo,3000000
RP 073026 26,2026-07-30,Repo,5000000
RP 073126 26,2026-07-31,Repo,0
RP 073126 25,2026-07-31,Repo,0
RP 080326 27,2026-08-03,Repo,0
RP 080326 25,2026-08-03,Repo,0
RP 080426 25,2026-08-04,Repo,0
RP 080426 27,2026-08-04,Repo,1000000
RP 080526 25,2026-08-05,Repo,0
RP 080526 27,2026-08-05,Repo,1000000
RP 080626 27,2026-08-06,Repo,0
RP 080626 25,2026-08-06,Repo,0
RP 080726 25,2026-08-07,Repo,0
RP 080726 27,2026-08-07,Repo,0
RP 081026 27,2026-08-10,Repo,0
RP 081026 25,2026-08-10,Repo,0
RP 081126 27,2026-08-11,Repo,100000000
RP 081126 25,2026-08-11,Repo,0
RP 081226 27,2026-08-12,Repo,0
RP 081226 25,2026-08-12,Repo,0
RP 081326 27,2026-08-13,Repo,2000000
RP 081326 25,2026-08-13,Repo,0
RP 081426 27,2026-08-14,Repo,0
RP 081426 25,2026-08-14,Repo,0
RP 081726 25,2026-08-17,Repo,0
RP 081726 27,2026-08-17,Repo,1000000
RP 081826 27,2026-08-18,Repo,1000000
RP 081826 25,2026-08-18,Repo,0
RP 081926 27,2026-08-19,Repo,1000000
RP 081926 25,2026-08-19,Repo,0
RP 082026 26,2026-08-20,Repo,0
RP 082026 25,2026-08-20,Repo,0
RP 082126 25,2026-08-21,Repo,0
RP 082126 26,2026-08-21,Repo,0
RP 082426 27,2026-08-24,Repo,0
RP 082426 25,2026-08-24,Repo,0
RP 082526 27,2026-08-25,Repo,3000000
RP 082526 25,2026-08-25,Repo,0
RP 082626 27,2026-08-26,Repo,3000000
RP 082626 25,2026-08-26,Repo,0
RP 082726 27,2026-08-27,Repo,100000000
RP 082726 25,2026-08-27,Repo,1000000
RP 082826 27,2026-08-28,Repo,1000000
RP 082826 25,2026-08-28,Repo,0
RP 083126 27,2026-08-31,Repo,2000000
RP 083126 25,2026-08-31,Repo,0
RP 090126 25,2026-09-01,Repo,7000000
RP 090126 27,2026-09-01,Repo,4000000
RP 090226 27,2026-09-02,Repo,0
RP 090226 25,2026-09-02,Repo,0
RP 090326 27,2026-09-03,Repo,33000000
RP 090326 25,2026-09-03,Repo,0
RP 090426 27,2026-09-04,Repo,0
RP 090426 25,2026-09-04,Repo,0
RP 090826 27,2026-09-08,Repo,0
RP 090826 26,2026-09-08,Repo,21000000
RP 090926 27,2026-09-09,Repo,5000000
RP 090926 26,2026-09-09,Repo,0
RP 091026 27,2026-09-10,Repo,1000000
RP 091026 25,2026-09-10,Repo,0
RP 091126 27,2026-09-11,Repo,0
RP 091126 25,2026-09-11,Repo,0
RP 091426 27,2026-09-14,Repo,0
RP 091426 25,2026-09-14,Repo,0
RP 091526 27,2026-09-15,Repo,102000000
RP 091526 25,2026-09-15,Repo,0
RP 091626 27,2026-09-16,Repo,254000000
RP 091626 25,2026-09-16,Repo,0
RP 091726 27,2026-09-17,Repo,1000000
RP 091726 25,2026-09-17,Repo,1000000
RP 091826 27,2026-09-18,Repo,1000000
RP 091826 25,2026-09-18,Repo,0
RP 092126 25,2026-09-21,Repo,0
RP 092126 27,2026-09-21,Repo,2000000
RP 092226 27,2026-09-22,Repo,3000000
RP 092226 25,2026-09-22,Repo,0
RP 092326 27,2026-09-23,Repo,0
RP 092326 25,2026-09-23,Repo,1000000
RP 092426 27,2026-09-24,Repo,1000000
RP 092426 25,2026-09-24,Repo,0
RP 092526 27,2026-09-25,Repo,0
RP 092526 25,2026-09-25,Repo,0
RP 092826 27,2026-09-28,Repo,1000000
RP 092826 25,2026-09-28,Repo,0
RP 092926 27,2026-09-29,Repo,3000000
RP 092926 25,2026-09-29,Repo,1000000
RP 093026 27,2026-09-30,Repo,1200000000
RP 093026 25,2026-09-30,Repo,0
RP 100126 27,2026-10-01,Repo,0
RP 100126 25,2026-10-01,Repo,0
RP 100226 25,2026-10-02,Repo,0
RP 100226 27,2026-10-02,Repo,0
RP 100526 25,2026-10-05,Repo,1000000
RP 100526 27,2026-10-05,Repo,1000000
RP 100626 25,2026-10-06,Repo,0
RP 100626 27,2026-10-06,Repo,0
RP 100726 27,2026-10-07,Repo,0
RP 100726 25,2026-10-07,Repo,2000000
RP 100826 25,2026-10-08,Repo,3000000
RP 100826 27,2026-10-08,Repo,0
RP 100926 27,2026-10-09,Repo,1000000
RP 100926 26,2026-10-09,Repo,0
